date,product_name,demand_qty
2025-01-01,Milk 1L,23
2025-01-02,Milk 1L,24
2025-01-03,Milk 1L,14
2025-01-04,Milk 1L,15
2025-01-05,Milk 1L,9
2025-01-06,Milk 1L,14
2025-01-07,Milk 1L,16
2025-01-08,Milk 1L,10
2025-01-09,Milk 1L,10
2025-01-10,Milk 1L,5
2025-01-11,Milk 1L,1
2025-01-12,Milk 1L,12
2025-01-13,Milk 1L,6
2025-01-14,Milk 1L,0
2025-01-15,Milk 1L,5
2025-01-16,Milk 1L,4
2025-01-17,Milk 1L,3
2025-01-18,Milk 1L,3
2025-01-19,Milk 1L,0
2025-01-20,Milk 1L,2
2025-01-21,Milk 1L,0
2025-01-22,Milk 1L,0
2025-01-23,Milk 1L,0
2025-01-24,Milk 1L,1
2025-01-25,Milk 1L,4
2025-01-26,Milk 1L,1
2025-01-27,Milk 1L,0
2025-01-28,Milk 1L,4
2025-01-29,Milk 1L,2
2025-01-30,Milk 1L,0
2025-01-31,Milk 1L,0
2025-02-01,Milk 1L,2
2025-02-02,Milk 1L,1
2025-02-03,Milk 1L,4
2025-02-04,Milk 1L,0
2025-02-05,Milk 1L,0
2025-02-06,Milk 1L,3
2025-02-07,Milk 1L,1
2025-02-08,Milk 1L,3
2025-02-09,Milk 1L,3
2025-02-10,Milk 1L,0
2025-02-11,Milk 1L,3
2025-02-12,Milk 1L,3
2025-02-13,Milk 1L,0
2025-02-14,Milk 1L,2
2025-02-15,Milk 1L,3
2025-02-16,Milk 1L,0
2025-02-17,Milk 1L,2
2025-02-18,Milk 1L,0
2025-02-19,Milk 1L,4
2025-02-20,Milk 1L,3
2025-02-21,Milk 1L,1
2025-02-22,Milk 1L,3
2025-02-23,Milk 1L,0
2025-02-24,Milk 1L,0
2025-02-25,Milk 1L,2
2025-02-26,Milk 1L,1
2025-02-27,Milk 1L,2
2025-02-28,Milk 1L,2
2025-03-01,Milk 1L,2
2025-03-02,Milk 1L,2
2025-03-03,Milk 1L,2
2025-03-04,Milk 1L,0
2025-03-05,Milk 1L,0
2025-03-06,Milk 1L,0
2025-03-07,Milk 1L,2
2025-03-08,Milk 1L,1
2025-03-09,Milk 1L,2
2025-03-10,Milk 1L,1
2025-03-11,Milk 1L,1
2025-03-12,Milk 1L,0
2025-03-13,Milk 1L,3
2025-03-14,Milk 1L,1
2025-03-15,Milk 1L,3
2025-03-16,Milk 1L,5
2025-03-17,Milk 1L,3
2025-03-18,Milk 1L,4
2025-03-19,Milk 1L,0
2025-03-20,Milk 1L,0
2025-03-21,Milk 1L,0
2025-03-22,Milk 1L,0
2025-03-23,Milk 1L,2
2025-03-24,Milk 1L,1
2025-03-25,Milk 1L,3
2025-03-26,Milk 1L,0
2025-03-27,Milk 1L,3
2025-03-28,Milk 1L,0
2025-03-29,Milk 1L,1
2025-03-30,Milk 1L,4
2025-03-31,Milk 1L,3
2025-04-01,Milk 1L,1
2025-04-02,Milk 1L,1
2025-04-03,Milk 1L,0
2025-04-04,Milk 1L,3
2025-04-05,Milk 1L,3
2025-04-06,Milk 1L,3
2025-04-07,Milk 1L,3
2025-04-08,Milk 1L,1
2025-04-09,Milk 1L,0
2025-04-10,Milk 1L,1
2025-04-11,Milk 1L,1
2025-04-12,Milk 1L,0
2025-04-13,Milk 1L,3
2025-04-14,Milk 1L,3
2025-04-15,Milk 1L,0
2025-04-16,Milk 1L,0
2025-04-17,Milk 1L,3
2025-04-18,Milk 1L,1
2025-04-19,Milk 1L,0
2025-04-20,Milk 1L,0
2025-04-21,Milk 1L,1
2025-04-22,Milk 1L,3
2025-04-23,Milk 1L,2
2025-04-24,Milk 1L,2
2025-04-25,Milk 1L,0
2025-04-26,Milk 1L,1
2025-04-27,Milk 1L,3
2025-04-28,Milk 1L,1
2025-04-29,Milk 1L,3
2025-04-30,Milk 1L,0
2025-05-01,Milk 1L,0
2025-05-02,Milk 1L,0
2025-05-03,Milk 1L,0
2025-05-04,Milk 1L,4
2025-05-05,Milk 1L,2
2025-05-06,Milk 1L,2
2025-05-07,Milk 1L,0
2025-05-08,Milk 1L,1
2025-05-09,Milk 1L,0
2025-05-10,Milk 1L,2
2025-05-11,Milk 1L,1
2025-05-12,Milk 1L,0
2025-05-13,Milk 1L,2
2025-05-14,Milk 1L,0
2025-05-15,Milk 1L,2
2025-05-16,Milk 1L,1
2025-05-17,Milk 1L,0
2025-05-18,Milk 1L,0
2025-05-19,Milk 1L,0
2025-05-20,Milk 1L,2
2025-05-21,Milk 1L,0
2025-05-22,Milk 1L,0
2025-05-23,Milk 1L,0
2025-05-24,Milk 1L,2
2025-05-25,Milk 1L,3
2025-05-26,Milk 1L,0
2025-05-27,Milk 1L,0
2025-05-28,Milk 1L,1
2025-05-29,Milk 1L,0
2025-05-30,Milk 1L,1
2025-05-31,Milk 1L,0
2025-06-01,Milk 1L,0
2025-06-02,Milk 1L,0
2025-06-03,Milk 1L,3
2025-06-04,Milk 1L,1
2025-06-05,Milk 1L,0
2025-06-06,Milk 1L,2
2025-06-07,Milk 1L,1
2025-06-08,Milk 1L,2
2025-06-09,Milk 1L,2
2025-06-10,Milk 1L,0
2025-06-11,Milk 1L,2
2025-06-12,Milk 1L,1
2025-06-13,Milk 1L,0
2025-06-14,Milk 1L,0
2025-06-15,Milk 1L,0
2025-06-16,Milk 1L,1
2025-06-17,Milk 1L,3
2025-06-18,Milk 1L,0
2025-06-19,Milk 1L,3
2025-06-20,Milk 1L,1
2025-06-21,Milk 1L,3
2025-06-22,Milk 1L,2
2025-06-23,Milk 1L,0
2025-06-24,Milk 1L,3
2025-06-25,Milk 1L,1
2025-06-26,Milk 1L,1
2025-06-27,Milk 1L,1
2025-06-28,Milk 1L,0
2025-06-29,Milk 1L,2
2025-06-30,Milk 1L,4
2025-07-01,Milk 1L,3
2025-07-02,Milk 1L,3
2025-07-03,Milk 1L,2
2025-07-04,Milk 1L,1
2025-07-05,Milk 1L,2
2025-07-06,Milk 1L,0
2025-07-07,Milk 1L,5
2025-07-08,Milk 1L,1
2025-07-09,Milk 1L,0
2025-07-10,Milk 1L,5
2025-07-11,Milk 1L,0
2025-07-12,Milk 1L,0
2025-07-13,Milk 1L,0
2025-07-14,Milk 1L,3
2025-07-15,Milk 1L,0
2025-07-16,Milk 1L,2
2025-07-17,Milk 1L,1
2025-07-18,Milk 1L,1
2025-07-19,Milk 1L,2
2025-07-20,Milk 1L,3
2025-07-21,Milk 1L,0
2025-07-22,Milk 1L,1
2025-07-23,Milk 1L,3
2025-07-24,Milk 1L,1
2025-07-25,Milk 1L,0
2025-07-26,Milk 1L,3
2025-07-27,Milk 1L,1
2025-07-28,Milk 1L,2
2025-07-29,Milk 1L,0
2025-07-30,Milk 1L,0
2025-07-31,Milk 1L,3
2025-08-01,Milk 1L,0
2025-08-02,Milk 1L,4
2025-08-03,Milk 1L,2
2025-08-04,Milk 1L,1
2025-08-05,Milk 1L,2
2025-08-06,Milk 1L,1
2025-08-07,Milk 1L,0
2025-08-08,Milk 1L,0
2025-08-09,Milk 1L,0
2025-08-10,Milk 1L,1
2025-08-11,Milk 1L,0
2025-08-12,Milk 1L,0
2025-08-13,Milk 1L,2
2025-08-14,Milk 1L,0
2025-08-15,Milk 1L,1
2025-08-16,Milk 1L,1
2025-08-17,Milk 1L,0
2025-08-18,Milk 1L,4
2025-08-19,Milk 1L,0
2025-08-20,Milk 1L,2
2025-08-21,Milk 1L,0
2025-08-22,Milk 1L,0
2025-08-23,Milk 1L,4
2025-08-24,Milk 1L,1
2025-08-25,Milk 1L,1
2025-08-26,Milk 1L,0
2025-08-27,Milk 1L,0
2025-08-28,Milk 1L,0
2025-08-29,Milk 1L,0
2025-08-30,Milk 1L,0
2025-08-31,Milk 1L,0
2025-09-01,Milk 1L,1
2025-09-02,Milk 1L,0
2025-09-03,Milk 1L,1
2025-09-04,Milk 1L,4
2025-09-05,Milk 1L,2
2025-09-06,Milk 1L,0
2025-09-07,Milk 1L,2
2025-09-08,Milk 1L,1
2025-09-09,Milk 1L,1
2025-09-10,Milk 1L,0
2025-09-11,Milk 1L,4
2025-09-12,Milk 1L,0
2025-09-13,Milk 1L,2
2025-09-14,Milk 1L,1
2025-09-15,Milk 1L,2
2025-09-16,Milk 1L,2
2025-09-17,Milk 1L,0
2025-09-18,Milk 1L,0
2025-09-19,Milk 1L,0
2025-09-20,Milk 1L,0
2025-09-21,Milk 1L,0
2025-09-22,Milk 1L,1
2025-09-23,Milk 1L,3
2025-09-24,Milk 1L,0
2025-09-25,Milk 1L,0
2025-09-26,Milk 1L,0
2025-09-27,Milk 1L,2
2025-09-28,Milk 1L,0
2025-09-29,Milk 1L,0
2025-09-30,Milk 1L,5
2025-10-01,Milk 1L,3
2025-10-02,Milk 1L,2
2025-10-03,Milk 1L,0
2025-10-04,Milk 1L,2
2025-10-05,Milk 1L,0
2025-10-06,Milk 1L,2
2025-10-07,Milk 1L,4
2025-10-08,Milk 1L,1
2025-10-09,Milk 1L,3
2025-10-10,Milk 1L,2
2025-10-11,Milk 1L,3
2025-10-12,Milk 1L,0
2025-10-13,Milk 1L,0
2025-10-14,Milk 1L,4
2025-10-15,Milk 1L,3
2025-10-16,Milk 1L,1
2025-10-17,Milk 1L,3
2025-10-18,Milk 1L,3
2025-10-19,Milk 1L,0
2025-10-20,Milk 1L,0
2025-10-21,Milk 1L,3
2025-10-22,Milk 1L,1
2025-10-23,Milk 1L,1
2025-10-24,Milk 1L,3
2025-10-25,Milk 1L,0
2025-10-26,Milk 1L,1
2025-10-27,Milk 1L,0
2025-10-28,Milk 1L,2
2025-10-29,Milk 1L,4
2025-10-30,Milk 1L,3
2025-10-31,Milk 1L,3
2025-11-01,Milk 1L,0
2025-11-02,Milk 1L,0
2025-11-03,Milk 1L,4
2025-11-04,Milk 1L,0
2025-11-05,Milk 1L,2
2025-11-06,Milk 1L,0
2025-11-07,Milk 1L,0
2025-11-08,Milk 1L,2
2025-11-09,Milk 1L,0
2025-11-10,Milk 1L,3
2025-11-11,Milk 1L,5
2025-11-12,Milk 1L,1
2025-11-13,Milk 1L,2
2025-11-14,Milk 1L,4
2025-11-15,Milk 1L,0
2025-11-16,Milk 1L,2
2025-11-17,Milk 1L,0
2025-11-18,Milk 1L,1
2025-11-19,Milk 1L,2
2025-11-20,Milk 1L,2
2025-11-21,Milk 1L,0
2025-11-22,Milk 1L,2
2025-11-23,Milk 1L,3
2025-11-24,Milk 1L,0
2025-11-25,Milk 1L,0
2025-11-26,Milk 1L,0
2025-11-27,Milk 1L,0
2025-11-28,Milk 1L,2
2025-11-29,Milk 1L,2
2025-11-30,Milk 1L,2
2025-12-01,Milk 1L,2
2025-12-02,Milk 1L,2
2025-12-03,Milk 1L,0
2025-12-04,Milk 1L,3
2025-12-05,Milk 1L,1
2025-12-06,Milk 1L,3
2025-12-07,Milk 1L,2
2025-12-08,Milk 1L,0
2025-12-09,Milk 1L,2
2025-12-10,Milk 1L,2
2025-12-11,Milk 1L,2
2025-12-12,Milk 1L,2
2025-12-13,Milk 1L,2
2025-12-14,Milk 1L,2
2025-12-15,Milk 1L,2
2025-12-16,Milk 1L,4
2025-12-17,Milk 1L,0
2025-12-18,Milk 1L,0
2025-12-19,Milk 1L,2
2025-12-20,Milk 1L,0
2025-12-21,Milk 1L,0
2025-12-22,Milk 1L,0
2025-12-23,Milk 1L,2
2025-12-24,Milk 1L,3
2025-12-25,Milk 1L,4
2025-12-26,Milk 1L,3
2025-12-27,Milk 1L,0
2025-12-28,Milk 1L,0
2025-12-29,Milk 1L,0
2025-12-30,Milk 1L,3
2025-12-31,Milk 1L,0
2025-01-01,Cheddar Cheese,41
2025-01-02,Cheddar Cheese,35
2025-01-03,Cheddar Cheese,33
2025-01-04,Cheddar Cheese,39
2025-01-05,Cheddar Cheese,29
2025-01-06,Cheddar Cheese,27
2025-01-07,Cheddar Cheese,23
2025-01-08,Cheddar Cheese,16
2025-01-09,Cheddar Cheese,18
2025-01-10,Cheddar Cheese,19
2025-01-11,Cheddar Cheese,15
2025-01-12,Cheddar Cheese,15
2025-01-13,Cheddar Cheese,13
2025-01-14,Cheddar Cheese,13
2025-01-15,Cheddar Cheese,8
2025-01-16,Cheddar Cheese,8
2025-01-17,Cheddar Cheese,8
2025-01-18,Cheddar Cheese,9
2025-01-19,Cheddar Cheese,11
2025-01-20,Cheddar Cheese,6
2025-01-21,Cheddar Cheese,5
2025-01-22,Cheddar Cheese,6
2025-01-23,Cheddar Cheese,5
2025-01-24,Cheddar Cheese,3
2025-01-25,Cheddar Cheese,4
2025-01-26,Cheddar Cheese,4
2025-01-27,Cheddar Cheese,6
2025-01-28,Cheddar Cheese,6
2025-01-29,Cheddar Cheese,2
2025-01-30,Cheddar Cheese,5
2025-01-31,Cheddar Cheese,0
2025-02-01,Cheddar Cheese,0
2025-02-02,Cheddar Cheese,2
2025-02-03,Cheddar Cheese,0
2025-02-04,Cheddar Cheese,2
2025-02-05,Cheddar Cheese,0
2025-02-06,Cheddar Cheese,2
2025-02-07,Cheddar Cheese,0
2025-02-08,Cheddar Cheese,0
2025-02-09,Cheddar Cheese,1
2025-02-10,Cheddar Cheese,0
2025-02-11,Cheddar Cheese,3
2025-02-12,Cheddar Cheese,5
2025-02-13,Cheddar Cheese,1
2025-02-14,Cheddar Cheese,2
2025-02-15,Cheddar Cheese,2
2025-02-16,Cheddar Cheese,0
2025-02-17,Cheddar Cheese,1
2025-02-18,Cheddar Cheese,0
2025-02-19,Cheddar Cheese,0
2025-02-20,Cheddar Cheese,2
2025-02-21,Cheddar Cheese,0
2025-02-22,Cheddar Cheese,0
2025-02-23,Cheddar Cheese,2
2025-02-24,Cheddar Cheese,3
2025-02-25,Cheddar Cheese,1
2025-02-26,Cheddar Cheese,2
2025-02-27,Cheddar Cheese,3
2025-02-28,Cheddar Cheese,2
2025-03-01,Cheddar Cheese,0
2025-03-02,Cheddar Cheese,2
2025-03-03,Cheddar Cheese,2
2025-03-04,Cheddar Cheese,3
2025-03-05,Cheddar Cheese,1
2025-03-06,Cheddar Cheese,4
2025-03-07,Cheddar Cheese,2
2025-03-08,Cheddar Cheese,0
2025-03-09,Cheddar Cheese,1
2025-03-10,Cheddar Cheese,0
2025-03-11,Cheddar Cheese,2
2025-03-12,Cheddar Cheese,4
2025-03-13,Cheddar Cheese,1
2025-03-14,Cheddar Cheese,2
2025-03-15,Cheddar Cheese,2
2025-03-16,Cheddar Cheese,1
2025-03-17,Cheddar Cheese,1
2025-03-18,Cheddar Cheese,0
2025-03-19,Cheddar Cheese,0
2025-03-20,Cheddar Cheese,0
2025-03-21,Cheddar Cheese,0
2025-03-22,Cheddar Cheese,0
2025-03-23,Cheddar Cheese,2
2025-03-24,Cheddar Cheese,0
2025-03-25,Cheddar Cheese,0
2025-03-26,Cheddar Cheese,0
2025-03-27,Cheddar Cheese,2
2025-03-28,Cheddar Cheese,3
2025-03-29,Cheddar Cheese,6
2025-03-30,Cheddar Cheese,3
2025-03-31,Cheddar Cheese,2
2025-04-01,Cheddar Cheese,2
2025-04-02,Cheddar Cheese,0
2025-04-03,Cheddar Cheese,2
2025-04-04,Cheddar Cheese,4
2025-04-05,Cheddar Cheese,1
2025-04-06,Cheddar Cheese,3
2025-04-07,Cheddar Cheese,0
2025-04-08,Cheddar Cheese,4
2025-04-09,Cheddar Cheese,1
2025-04-10,Cheddar Cheese,1
2025-04-11,Cheddar Cheese,0
2025-04-12,Cheddar Cheese,1
2025-04-13,Cheddar Cheese,3
2025-04-14,Cheddar Cheese,1
2025-04-15,Cheddar Cheese,1
2025-04-16,Cheddar Cheese,0
2025-04-17,Cheddar Cheese,0
2025-04-18,Cheddar Cheese,1
2025-04-19,Cheddar Cheese,2
2025-04-20,Cheddar Cheese,2
2025-04-21,Cheddar Cheese,0
2025-04-22,Cheddar Cheese,1
2025-04-23,Cheddar Cheese,1
2025-04-24,Cheddar Cheese,3
2025-04-25,Cheddar Cheese,0
2025-04-26,Cheddar Cheese,1
2025-04-27,Cheddar Cheese,0
2025-04-28,Cheddar Cheese,1
2025-04-29,Cheddar Cheese,0
2025-04-30,Cheddar Cheese,2
2025-05-01,Cheddar Cheese,0
2025-05-02,Cheddar Cheese,2
2025-05-03,Cheddar Cheese,2
2025-05-04,Cheddar Cheese,0
2025-05-05,Cheddar Cheese,1
2025-05-06,Cheddar Cheese,0
2025-05-07,Cheddar Cheese,1
2025-05-08,Cheddar Cheese,0
2025-05-09,Cheddar Cheese,0
2025-05-10,Cheddar Cheese,3
2025-05-11,Cheddar Cheese,0
2025-05-12,Cheddar Cheese,0
2025-05-13,Cheddar Cheese,0
2025-05-14,Cheddar Cheese,0
2025-05-15,Cheddar Cheese,0
2025-05-16,Cheddar Cheese,3
2025-05-17,Cheddar Cheese,0
2025-05-18,Cheddar Cheese,0
2025-05-19,Cheddar Cheese,0
2025-05-20,Cheddar Cheese,0
2025-05-21,Cheddar Cheese,2
2025-05-22,Cheddar Cheese,2
2025-05-23,Cheddar Cheese,2
2025-05-24,Cheddar Cheese,1
2025-05-25,Cheddar Cheese,2
2025-05-26,Cheddar Cheese,0
2025-05-27,Cheddar Cheese,1
2025-05-28,Cheddar Cheese,3
2025-05-29,Cheddar Cheese,1
2025-05-30,Cheddar Cheese,1
2025-05-31,Cheddar Cheese,0
2025-06-01,Cheddar Cheese,1
2025-06-02,Cheddar Cheese,2
2025-06-03,Cheddar Cheese,0
2025-06-04,Cheddar Cheese,2
2025-06-05,Cheddar Cheese,1
2025-06-06,Cheddar Cheese,5
2025-06-07,Cheddar Cheese,0
2025-06-08,Cheddar Cheese,0
2025-06-09,Cheddar Cheese,1
2025-06-10,Cheddar Cheese,3
2025-06-11,Cheddar Cheese,0
2025-06-12,Cheddar Cheese,2
2025-06-13,Cheddar Cheese,0
2025-06-14,Cheddar Cheese,3
2025-06-15,Cheddar Cheese,2
2025-06-16,Cheddar Cheese,2
2025-06-17,Cheddar Cheese,3
2025-06-18,Cheddar Cheese,0
2025-06-19,Cheddar Cheese,2
2025-06-20,Cheddar Cheese,1
2025-06-21,Cheddar Cheese,1
2025-06-22,Cheddar Cheese,3
2025-06-23,Cheddar Cheese,1
2025-06-24,Cheddar Cheese,2
2025-06-25,Cheddar Cheese,1
2025-06-26,Cheddar Cheese,2
2025-06-27,Cheddar Cheese,0
2025-06-28,Cheddar Cheese,1
2025-06-29,Cheddar Cheese,0
2025-06-30,Cheddar Cheese,1
2025-07-01,Cheddar Cheese,2
2025-07-02,Cheddar Cheese,0
2025-07-03,Cheddar Cheese,1
2025-07-04,Cheddar Cheese,0
2025-07-05,Cheddar Cheese,1
2025-07-06,Cheddar Cheese,0
2025-07-07,Cheddar Cheese,0
2025-07-08,Cheddar Cheese,3
2025-07-09,Cheddar Cheese,2
2025-07-10,Cheddar Cheese,0
2025-07-11,Cheddar Cheese,3
2025-07-12,Cheddar Cheese,1
2025-07-13,Cheddar Cheese,1
2025-07-14,Cheddar Cheese,3
2025-07-15,Cheddar Cheese,2
2025-07-16,Cheddar Cheese,0
2025-07-17,Cheddar Cheese,0
2025-07-18,Cheddar Cheese,0
2025-07-19,Cheddar Cheese,0
2025-07-20,Cheddar Cheese,2
2025-07-21,Cheddar Cheese,0
2025-07-22,Cheddar Cheese,1
2025-07-23,Cheddar Cheese,0
2025-07-24,Cheddar Cheese,0
2025-07-25,Cheddar Cheese,4
2025-07-26,Cheddar Cheese,0
2025-07-27,Cheddar Cheese,0
2025-07-28,Cheddar Cheese,5
2025-07-29,Cheddar Cheese,3
2025-07-30,Cheddar Cheese,3
2025-07-31,Cheddar Cheese,0
2025-08-01,Cheddar Cheese,2
2025-08-02,Cheddar Cheese,1
2025-08-03,Cheddar Cheese,3
2025-08-04,Cheddar Cheese,0
2025-08-05,Cheddar Cheese,1
2025-08-06,Cheddar Cheese,4
2025-08-07,Cheddar Cheese,3
2025-08-08,Cheddar Cheese,0
2025-08-09,Cheddar Cheese,3
2025-08-10,Cheddar Cheese,3
2025-08-11,Cheddar Cheese,3
2025-08-12,Cheddar Cheese,2
2025-08-13,Cheddar Cheese,2
2025-08-14,Cheddar Cheese,0
2025-08-15,Cheddar Cheese,2
2025-08-16,Cheddar Cheese,1
2025-08-17,Cheddar Cheese,2
2025-08-18,Cheddar Cheese,3
2025-08-19,Cheddar Cheese,1
2025-08-20,Cheddar Cheese,0
2025-08-21,Cheddar Cheese,0
2025-08-22,Cheddar Cheese,0
2025-08-23,Cheddar Cheese,0
2025-08-24,Cheddar Cheese,2
2025-08-25,Cheddar Cheese,1
2025-08-26,Cheddar Cheese,2
2025-08-27,Cheddar Cheese,3
2025-08-28,Cheddar Cheese,0
2025-08-29,Cheddar Cheese,3
2025-08-30,Cheddar Cheese,1
2025-08-31,Cheddar Cheese,3
2025-09-01,Cheddar Cheese,1
2025-09-02,Cheddar Cheese,0
2025-09-03,Cheddar Cheese,2
2025-09-04,Cheddar Cheese,2
2025-09-05,Cheddar Cheese,4
2025-09-06,Cheddar Cheese,2
2025-09-07,Cheddar Cheese,0
2025-09-08,Cheddar Cheese,2
2025-09-09,Cheddar Cheese,1
2025-09-10,Cheddar Cheese,1
2025-09-11,Cheddar Cheese,0
2025-09-12,Cheddar Cheese,3
2025-09-13,Cheddar Cheese,4
2025-09-14,Cheddar Cheese,2
2025-09-15,Cheddar Cheese,0
2025-09-16,Cheddar Cheese,1
2025-09-17,Cheddar Cheese,2
2025-09-18,Cheddar Cheese,1
2025-09-19,Cheddar Cheese,1
2025-09-20,Cheddar Cheese,4
2025-09-21,Cheddar Cheese,1
2025-09-22,Cheddar Cheese,1
2025-09-23,Cheddar Cheese,0
2025-09-24,Cheddar Cheese,0
2025-09-25,Cheddar Cheese,0
2025-09-26,Cheddar Cheese,3
2025-09-27,Cheddar Cheese,1
2025-09-28,Cheddar Cheese,2
2025-09-29,Cheddar Cheese,4
2025-09-30,Cheddar Cheese,0
2025-10-01,Cheddar Cheese,0
2025-10-02,Cheddar Cheese,3
2025-10-03,Cheddar Cheese,2
2025-10-04,Cheddar Cheese,1
2025-10-05,Cheddar Cheese,0
2025-10-06,Cheddar Cheese,2
2025-10-07,Cheddar Cheese,0
2025-10-08,Cheddar Cheese,0
2025-10-09,Cheddar Cheese,3
2025-10-10,Cheddar Cheese,1
2025-10-11,Cheddar Cheese,0
2025-10-12,Cheddar Cheese,5
2025-10-13,Cheddar Cheese,0
2025-10-14,Cheddar Cheese,5
2025-10-15,Cheddar Cheese,2
2025-10-16,Cheddar Cheese,4
2025-10-17,Cheddar Cheese,1
2025-10-18,Cheddar Cheese,0
2025-10-19,Cheddar Cheese,0
2025-10-20,Cheddar Cheese,0
2025-10-21,Cheddar Cheese,0
2025-10-22,Cheddar Cheese,0
2025-10-23,Cheddar Cheese,3
2025-10-24,Cheddar Cheese,0
2025-10-25,Cheddar Cheese,0
2025-10-26,Cheddar Cheese,4
2025-10-27,Cheddar Cheese,0
2025-10-28,Cheddar Cheese,0
2025-10-29,Cheddar Cheese,2
2025-10-30,Cheddar Cheese,0
2025-10-31,Cheddar Cheese,0
2025-11-01,Cheddar Cheese,1
2025-11-02,Cheddar Cheese,1
2025-11-03,Cheddar Cheese,2
2025-11-04,Cheddar Cheese,3
2025-11-05,Cheddar Cheese,2
2025-11-06,Cheddar Cheese,0
2025-11-07,Cheddar Cheese,0
2025-11-08,Cheddar Cheese,2
2025-11-09,Cheddar Cheese,3
2025-11-10,Cheddar Cheese,0
2025-11-11,Cheddar Cheese,3
2025-11-12,Cheddar Cheese,0
2025-11-13,Cheddar Cheese,1
2025-11-14,Cheddar Cheese,0
2025-11-15,Cheddar Cheese,3
2025-11-16,Cheddar Cheese,2
2025-11-17,Cheddar Cheese,1
2025-11-18,Cheddar Cheese,1
2025-11-19,Cheddar Cheese,1
2025-11-20,Cheddar Cheese,0
2025-11-21,Cheddar Cheese,3
2025-11-22,Cheddar Cheese,6
2025-11-23,Cheddar Cheese,4
2025-11-24,Cheddar Cheese,2
2025-11-25,Cheddar Cheese,3
2025-11-26,Cheddar Cheese,0
2025-11-27,Cheddar Cheese,0
2025-11-28,Cheddar Cheese,0
2025-11-29,Cheddar Cheese,4
2025-11-30,Cheddar Cheese,1
2025-12-01,Cheddar Cheese,0
2025-12-02,Cheddar Cheese,1
2025-12-03,Cheddar Cheese,1
2025-12-04,Cheddar Cheese,2
2025-12-05,Cheddar Cheese,0
2025-12-06,Cheddar Cheese,1
2025-12-07,Cheddar Cheese,0
2025-12-08,Cheddar Cheese,0
2025-12-09,Cheddar Cheese,1
2025-12-10,Cheddar Cheese,0
2025-12-11,Cheddar Cheese,0
2025-12-12,Cheddar Cheese,0
2025-12-13,Cheddar Cheese,3
2025-12-14,Cheddar Cheese,3
2025-12-15,Cheddar Cheese,1
2025-12-16,Cheddar Cheese,3
2025-12-17,Cheddar Cheese,0
2025-12-18,Cheddar Cheese,0
2025-12-19,Cheddar Cheese,0
2025-12-20,Cheddar Cheese,3
2025-12-21,Cheddar Cheese,2
2025-12-22,Cheddar Cheese,4
2025-12-23,Cheddar Cheese,0
2025-12-24,Cheddar Cheese,3
2025-12-25,Cheddar Cheese,2
2025-12-26,Cheddar Cheese,0
2025-12-27,Cheddar Cheese,1
2025-12-28,Cheddar Cheese,2
2025-12-29,Cheddar Cheese,1
2025-12-30,Cheddar Cheese,2
2025-12-31,Cheddar Cheese,3
2025-01-01,Yogurt,34
2025-01-02,Yogurt,25
2025-01-03,Yogurt,31
2025-01-04,Yogurt,27
2025-01-05,Yogurt,30
2025-01-06,Yogurt,31
2025-01-07,Yogurt,15
2025-01-08,Yogurt,17
2025-01-09,Yogurt,14
2025-01-10,Yogurt,19
2025-01-11,Yogurt,14
2025-01-12,Yogurt,14
2025-01-13,Yogurt,13
2025-01-14,Yogurt,11
2025-01-15,Yogurt,7
2025-01-16,Yogurt,5
2025-01-17,Yogurt,6
2025-01-18,Yogurt,7
2025-01-19,Yogurt,5
2025-01-20,Yogurt,1
2025-01-21,Yogurt,6
2025-01-22,Yogurt,5
2025-01-23,Yogurt,6
2025-01-24,Yogurt,1
2025-01-25,Yogurt,1
2025-01-26,Yogurt,1
2025-01-27,Yogurt,3
2025-01-28,Yogurt,2
2025-01-29,Yogurt,0
2025-01-30,Yogurt,0
2025-01-31,Yogurt,0
2025-02-01,Yogurt,0
2025-02-02,Yogurt,1
2025-02-03,Yogurt,3
2025-02-04,Yogurt,1
2025-02-05,Yogurt,0
2025-02-06,Yogurt,3
2025-02-07,Yogurt,1
2025-02-08,Yogurt,0
2025-02-09,Yogurt,0
2025-02-10,Yogurt,1
2025-02-11,Yogurt,1
2025-02-12,Yogurt,2
2025-02-13,Yogurt,1
2025-02-14,Yogurt,0
2025-02-15,Yogurt,4
2025-02-16,Yogurt,1
2025-02-17,Yogurt,0
2025-02-18,Yogurt,3
2025-02-19,Yogurt,2
2025-02-20,Yogurt,3
2025-02-21,Yogurt,1
2025-02-22,Yogurt,3
2025-02-23,Yogurt,4
2025-02-24,Yogurt,0
2025-02-25,Yogurt,0
2025-02-26,Yogurt,1
2025-02-27,Yogurt,3
2025-02-28,Yogurt,0
2025-03-01,Yogurt,2
2025-03-02,Yogurt,0
2025-03-03,Yogurt,0
2025-03-04,Yogurt,1
2025-03-05,Yogurt,1
2025-03-06,Yogurt,0
2025-03-07,Yogurt,0
2025-03-08,Yogurt,1
2025-03-09,Yogurt,0
2025-03-10,Yogurt,2
2025-03-11,Yogurt,3
2025-03-12,Yogurt,1
2025-03-13,Yogurt,0
2025-03-14,Yogurt,0
2025-03-15,Yogurt,3
2025-03-16,Yogurt,0
2025-03-17,Yogurt,0
2025-03-18,Yogurt,0
2025-03-19,Yogurt,2
2025-03-20,Yogurt,0
2025-03-21,Yogurt,1
2025-03-22,Yogurt,0
2025-03-23,Yogurt,2
2025-03-24,Yogurt,1
2025-03-25,Yogurt,3
2025-03-26,Yogurt,2
2025-03-27,Yogurt,3
2025-03-28,Yogurt,0
2025-03-29,Yogurt,3
2025-03-30,Yogurt,2
2025-03-31,Yogurt,0
2025-04-01,Yogurt,1
2025-04-02,Yogurt,1
2025-04-03,Yogurt,1
2025-04-04,Yogurt,3
2025-04-05,Yogurt,0
2025-04-06,Yogurt,0
2025-04-07,Yogurt,1
2025-04-08,Yogurt,2
2025-04-09,Yogurt,1
2025-04-10,Yogurt,2
2025-04-11,Yogurt,3
2025-04-12,Yogurt,0
2025-04-13,Yogurt,2
2025-04-14,Yogurt,2
2025-04-15,Yogurt,2
2025-04-16,Yogurt,3
2025-04-17,Yogurt,3
2025-04-18,Yogurt,1
2025-04-19,Yogurt,3
2025-04-20,Yogurt,2
2025-04-21,Yogurt,4
2025-04-22,Yogurt,0
2025-04-23,Yogurt,0
2025-04-24,Yogurt,2
2025-04-25,Yogurt,1
2025-04-26,Yogurt,1
2025-04-27,Yogurt,2
2025-04-28,Yogurt,0
2025-04-29,Yogurt,2
2025-04-30,Yogurt,0
2025-05-01,Yogurt,2
2025-05-02,Yogurt,1
2025-05-03,Yogurt,2
2025-05-04,Yogurt,0
2025-05-05,Yogurt,3
2025-05-06,Yogurt,3
2025-05-07,Yogurt,1
2025-05-08,Yogurt,1
2025-05-09,Yogurt,0
2025-05-10,Yogurt,5
2025-05-11,Yogurt,0
2025-05-12,Yogurt,0
2025-05-13,Yogurt,4
2025-05-14,Yogurt,2
2025-05-15,Yogurt,3
2025-05-16,Yogurt,1
2025-05-17,Yogurt,0
2025-05-18,Yogurt,3
2025-05-19,Yogurt,2
2025-05-20,Yogurt,1
2025-05-21,Yogurt,1
2025-05-22,Yogurt,2
2025-05-23,Yogurt,1
2025-05-24,Yogurt,1
2025-05-25,Yogurt,0
2025-05-26,Yogurt,0
2025-05-27,Yogurt,4
2025-05-28,Yogurt,0
2025-05-29,Yogurt,4
2025-05-30,Yogurt,1
2025-05-31,Yogurt,2
2025-06-01,Yogurt,1
2025-06-02,Yogurt,1
2025-06-03,Yogurt,3
2025-06-04,Yogurt,3
2025-06-05,Yogurt,2
2025-06-06,Yogurt,4
2025-06-07,Yogurt,1
2025-06-08,Yogurt,1
2025-06-09,Yogurt,0
2025-06-10,Yogurt,2
2025-06-11,Yogurt,1
2025-06-12,Yogurt,4
2025-06-13,Yogurt,0
2025-06-14,Yogurt,0
2025-06-15,Yogurt,0
2025-06-16,Yogurt,0
2025-06-17,Yogurt,4
2025-06-18,Yogurt,3
2025-06-19,Yogurt,0
2025-06-20,Yogurt,4
2025-06-21,Yogurt,0
2025-06-22,Yogurt,5
2025-06-23,Yogurt,0
2025-06-24,Yogurt,3
2025-06-25,Yogurt,0
2025-06-26,Yogurt,6
2025-06-27,Yogurt,0
2025-06-28,Yogurt,0
2025-06-29,Yogurt,0
2025-06-30,Yogurt,3
2025-07-01,Yogurt,3
2025-07-02,Yogurt,0
2025-07-03,Yogurt,2
2025-07-04,Yogurt,1
2025-07-05,Yogurt,0
2025-07-06,Yogurt,0
2025-07-07,Yogurt,0
2025-07-08,Yogurt,3
2025-07-09,Yogurt,0
2025-07-10,Yogurt,1
2025-07-11,Yogurt,2
2025-07-12,Yogurt,0
2025-07-13,Yogurt,1
2025-07-14,Yogurt,0
2025-07-15,Yogurt,4
2025-07-16,Yogurt,1
2025-07-17,Yogurt,3
2025-07-18,Yogurt,1
2025-07-19,Yogurt,4
2025-07-20,Yogurt,2
2025-07-21,Yogurt,2
2025-07-22,Yogurt,0
2025-07-23,Yogurt,0
2025-07-24,Yogurt,2
2025-07-25,Yogurt,0
2025-07-26,Yogurt,3
2025-07-27,Yogurt,0
2025-07-28,Yogurt,1
2025-07-29,Yogurt,3
2025-07-30,Yogurt,0
2025-07-31,Yogurt,4
2025-08-01,Yogurt,0
2025-08-02,Yogurt,0
2025-08-03,Yogurt,2
2025-08-04,Yogurt,2
2025-08-05,Yogurt,2
2025-08-06,Yogurt,0
2025-08-07,Yogurt,1
2025-08-08,Yogurt,4
2025-08-09,Yogurt,3
2025-08-10,Yogurt,4
2025-08-11,Yogurt,2
2025-08-12,Yogurt,1
2025-08-13,Yogurt,1
2025-08-14,Yogurt,2
2025-08-15,Yogurt,0
2025-08-16,Yogurt,0
2025-08-17,Yogurt,3
2025-08-18,Yogurt,0
2025-08-19,Yogurt,1
2025-08-20,Yogurt,0
2025-08-21,Yogurt,2
2025-08-22,Yogurt,0
2025-08-23,Yogurt,0
2025-08-24,Yogurt,0
2025-08-25,Yogurt,1
2025-08-26,Yogurt,0
2025-08-27,Yogurt,1
2025-08-28,Yogurt,0
2025-08-29,Yogurt,0
2025-08-30,Yogurt,2
2025-08-31,Yogurt,3
2025-09-01,Yogurt,0
2025-09-02,Yogurt,0
2025-09-03,Yogurt,0
2025-09-04,Yogurt,2
2025-09-05,Yogurt,0
2025-09-06,Yogurt,1
2025-09-07,Yogurt,0
2025-09-08,Yogurt,2
2025-09-09,Yogurt,0
2025-09-10,Yogurt,2
2025-09-11,Yogurt,3
2025-09-12,Yogurt,3
2025-09-13,Yogurt,2
2025-09-14,Yogurt,0
2025-09-15,Yogurt,4
2025-09-16,Yogurt,3
2025-09-17,Yogurt,0
2025-09-18,Yogurt,2
2025-09-19,Yogurt,0
2025-09-20,Yogurt,2
2025-09-21,Yogurt,0
2025-09-22,Yogurt,0
2025-09-23,Yogurt,3
2025-09-24,Yogurt,0
2025-09-25,Yogurt,0
2025-09-26,Yogurt,6
2025-09-27,Yogurt,1
2025-09-28,Yogurt,0
2025-09-29,Yogurt,1
2025-09-30,Yogurt,2
2025-10-01,Yogurt,0
2025-10-02,Yogurt,0
2025-10-03,Yogurt,3
2025-10-04,Yogurt,2
2025-10-05,Yogurt,3
2025-10-06,Yogurt,2
2025-10-07,Yogurt,0
2025-10-08,Yogurt,2
2025-10-09,Yogurt,0
2025-10-10,Yogurt,0
2025-10-11,Yogurt,1
2025-10-12,Yogurt,2
2025-10-13,Yogurt,1
2025-10-14,Yogurt,2
2025-10-15,Yogurt,2
2025-10-16,Yogurt,0
2025-10-17,Yogurt,3
2025-10-18,Yogurt,1
2025-10-19,Yogurt,3
2025-10-20,Yogurt,1
2025-10-21,Yogurt,1
2025-10-22,Yogurt,3
2025-10-23,Yogurt,3
2025-10-24,Yogurt,1
2025-10-25,Yogurt,1
2025-10-26,Yogurt,2
2025-10-27,Yogurt,0
2025-10-28,Yogurt,0
2025-10-29,Yogurt,0
2025-10-30,Yogurt,2
2025-10-31,Yogurt,3
2025-11-01,Yogurt,3
2025-11-02,Yogurt,1
2025-11-03,Yogurt,0
2025-11-04,Yogurt,2
2025-11-05,Yogurt,1
2025-11-06,Yogurt,3
2025-11-07,Yogurt,1
2025-11-08,Yogurt,4
2025-11-09,Yogurt,1
2025-11-10,Yogurt,0
2025-11-11,Yogurt,3
2025-11-12,Yogurt,3
2025-11-13,Yogurt,0
2025-11-14,Yogurt,2
2025-11-15,Yogurt,0
2025-11-16,Yogurt,0
2025-11-17,Yogurt,3
2025-11-18,Yogurt,2
2025-11-19,Yogurt,3
2025-11-20,Yogurt,2
2025-11-21,Yogurt,0
2025-11-22,Yogurt,1
2025-11-23,Yogurt,1
2025-11-24,Yogurt,2
2025-11-25,Yogurt,1
2025-11-26,Yogurt,0
2025-11-27,Yogurt,2
2025-11-28,Yogurt,0
2025-11-29,Yogurt,0
2025-11-30,Yogurt,0
2025-12-01,Yogurt,0
2025-12-02,Yogurt,0
2025-12-03,Yogurt,0
2025-12-04,Yogurt,0
2025-12-05,Yogurt,0
2025-12-06,Yogurt,1
2025-12-07,Yogurt,3
2025-12-08,Yogurt,2
2025-12-09,Yogurt,0
2025-12-10,Yogurt,2
2025-12-11,Yogurt,0
2025-12-12,Yogurt,1
2025-12-13,Yogurt,0
2025-12-14,Yogurt,0
2025-12-15,Yogurt,1
2025-12-16,Yogurt,1
2025-12-17,Yogurt,2
2025-12-18,Yogurt,0
2025-12-19,Yogurt,2
2025-12-20,Yogurt,1
2025-12-21,Yogurt,1
2025-12-22,Yogurt,0
2025-12-23,Yogurt,1
2025-12-24,Yogurt,0
2025-12-25,Yogurt,3
2025-12-26,Yogurt,4
2025-12-27,Yogurt,5
2025-12-28,Yogurt,0
2025-12-29,Yogurt,4
2025-12-30,Yogurt,3
2025-12-31,Yogurt,0
2025-01-01,Banana,23
2025-01-02,Banana,18
2025-01-03,Banana,12
2025-01-04,Banana,12
2025-01-05,Banana,9
2025-01-06,Banana,9
2025-01-07,Banana,10
2025-01-08,Banana,11
2025-01-09,Banana,9
2025-01-10,Banana,12
2025-01-11,Banana,9
2025-01-12,Banana,7
2025-01-13,Banana,7
2025-01-14,Banana,4
2025-01-15,Banana,5
2025-01-16,Banana,2
2025-01-17,Banana,1
2025-01-18,Banana,8
2025-01-19,Banana,3
2025-01-20,Banana,0
2025-01-21,Banana,1
2025-01-22,Banana,0
2025-01-23,Banana,7
2025-01-24,Banana,2
2025-01-25,Banana,1
2025-01-26,Banana,5
2025-01-27,Banana,2
2025-01-28,Banana,3
2025-01-29,Banana,2
2025-01-30,Banana,3
2025-01-31,Banana,0
2025-02-01,Banana,4
2025-02-02,Banana,0
2025-02-03,Banana,0
2025-02-04,Banana,1
2025-02-05,Banana,4
2025-02-06,Banana,1
2025-02-07,Banana,0
2025-02-08,Banana,0
2025-02-09,Banana,0
2025-02-10,Banana,1
2025-02-11,Banana,1
2025-02-12,Banana,3
2025-02-13,Banana,1
2025-02-14,Banana,1
2025-02-15,Banana,3
2025-02-16,Banana,0
2025-02-17,Banana,4
2025-02-18,Banana,3
2025-02-19,Banana,0
2025-02-20,Banana,0
2025-02-21,Banana,1
2025-02-22,Banana,3
2025-02-23,Banana,0
2025-02-24,Banana,1
2025-02-25,Banana,0
2025-02-26,Banana,2
2025-02-27,Banana,0
2025-02-28,Banana,3
2025-03-01,Banana,2
2025-03-02,Banana,1
2025-03-03,Banana,0
2025-03-04,Banana,2
2025-03-05,Banana,2
2025-03-06,Banana,3
2025-03-07,Banana,0
2025-03-08,Banana,2
2025-03-09,Banana,0
2025-03-10,Banana,0
2025-03-11,Banana,3
2025-03-12,Banana,3
2025-03-13,Banana,2
2025-03-14,Banana,4
2025-03-15,Banana,0
2025-03-16,Banana,1
2025-03-17,Banana,0
2025-03-18,Banana,0
2025-03-19,Banana,1
2025-03-20,Banana,0
2025-03-21,Banana,0
2025-03-22,Banana,0
2025-03-23,Banana,0
2025-03-24,Banana,2
2025-03-25,Banana,0
2025-03-26,Banana,2
2025-03-27,Banana,0
2025-03-28,Banana,6
2025-03-29,Banana,1
2025-03-30,Banana,0
2025-03-31,Banana,5
2025-04-01,Banana,0
2025-04-02,Banana,1
2025-04-03,Banana,5
2025-04-04,Banana,3
2025-04-05,Banana,0
2025-04-06,Banana,1
2025-04-07,Banana,1
2025-04-08,Banana,0
2025-04-09,Banana,3
2025-04-10,Banana,1
2025-04-11,Banana,0
2025-04-12,Banana,1
2025-04-13,Banana,2
2025-04-14,Banana,0
2025-04-15,Banana,2
2025-04-16,Banana,0
2025-04-17,Banana,0
2025-04-18,Banana,0
2025-04-19,Banana,1
2025-04-20,Banana,0
2025-04-21,Banana,1
2025-04-22,Banana,0
2025-04-23,Banana,1
2025-04-24,Banana,3
2025-04-25,Banana,0
2025-04-26,Banana,2
2025-04-27,Banana,0
2025-04-28,Banana,2
2025-04-29,Banana,2
2025-04-30,Banana,2
2025-05-01,Banana,0
2025-05-02,Banana,0
2025-05-03,Banana,2
2025-05-04,Banana,0
2025-05-05,Banana,2
2025-05-06,Banana,2
2025-05-07,Banana,1
2025-05-08,Banana,0
2025-05-09,Banana,2
2025-05-10,Banana,2
2025-05-11,Banana,2
2025-05-12,Banana,1
2025-05-13,Banana,1
2025-05-14,Banana,0
2025-05-15,Banana,0
2025-05-16,Banana,1
2025-05-17,Banana,0
2025-05-18,Banana,4
2025-05-19,Banana,1
2025-05-20,Banana,3
2025-05-21,Banana,0
2025-05-22,Banana,1
2025-05-23,Banana,0
2025-05-24,Banana,2
2025-05-25,Banana,1
2025-05-26,Banana,1
2025-05-27,Banana,1
2025-05-28,Banana,3
2025-05-29,Banana,2
2025-05-30,Banana,0
2025-05-31,Banana,2
2025-06-01,Banana,3
2025-06-02,Banana,0
2025-06-03,Banana,1
2025-06-04,Banana,0
2025-06-05,Banana,0
2025-06-06,Banana,0
2025-06-07,Banana,0
2025-06-08,Banana,3
2025-06-09,Banana,0
2025-06-10,Banana,1
2025-06-11,Banana,2
2025-06-12,Banana,1
2025-06-13,Banana,4
2025-06-14,Banana,0
2025-06-15,Banana,0
2025-06-16,Banana,0
2025-06-17,Banana,0
2025-06-18,Banana,3
2025-06-19,Banana,0
2025-06-20,Banana,5
2025-06-21,Banana,2
2025-06-22,Banana,2
2025-06-23,Banana,2
2025-06-24,Banana,1
2025-06-25,Banana,2
2025-06-26,Banana,1
2025-06-27,Banana,0
2025-06-28,Banana,0
2025-06-29,Banana,0
2025-06-30,Banana,3
2025-07-01,Banana,0
2025-07-02,Banana,2
2025-07-03,Banana,1
2025-07-04,Banana,2
2025-07-05,Banana,0
2025-07-06,Banana,0
2025-07-07,Banana,2
2025-07-08,Banana,1
2025-07-09,Banana,2
2025-07-10,Banana,1
2025-07-11,Banana,0
2025-07-12,Banana,0
2025-07-13,Banana,1
2025-07-14,Banana,2
2025-07-15,Banana,0
2025-07-16,Banana,0
2025-07-17,Banana,2
2025-07-18,Banana,0
2025-07-19,Banana,0
2025-07-20,Banana,0
2025-07-21,Banana,3
2025-07-22,Banana,5
2025-07-23,Banana,0
2025-07-24,Banana,2
2025-07-25,Banana,3
2025-07-26,Banana,0
2025-07-27,Banana,1
2025-07-28,Banana,1
2025-07-29,Banana,0
2025-07-30,Banana,2
2025-07-31,Banana,0
2025-08-01,Banana,0
2025-08-02,Banana,2
2025-08-03,Banana,0
2025-08-04,Banana,1
2025-08-05,Banana,2
2025-08-06,Banana,0
2025-08-07,Banana,0
2025-08-08,Banana,2
2025-08-09,Banana,1
2025-08-10,Banana,1
2025-08-11,Banana,0
2025-08-12,Banana,4
2025-08-13,Banana,3
2025-08-14,Banana,1
2025-08-15,Banana,2
2025-08-16,Banana,0
2025-08-17,Banana,1
2025-08-18,Banana,0
2025-08-19,Banana,3
2025-08-20,Banana,2
2025-08-21,Banana,0
2025-08-22,Banana,2
2025-08-23,Banana,2
2025-08-24,Banana,2
2025-08-25,Banana,1
2025-08-26,Banana,2
2025-08-27,Banana,2
2025-08-28,Banana,0
2025-08-29,Banana,0
2025-08-30,Banana,1
2025-08-31,Banana,2
2025-09-01,Banana,3
2025-09-02,Banana,1
2025-09-03,Banana,0
2025-09-04,Banana,1
2025-09-05,Banana,2
2025-09-06,Banana,2
2025-09-07,Banana,0
2025-09-08,Banana,1
2025-09-09,Banana,2
2025-09-10,Banana,2
2025-09-11,Banana,0
2025-09-12,Banana,0
2025-09-13,Banana,3
2025-09-14,Banana,1
2025-09-15,Banana,3
2025-09-16,Banana,2
2025-09-17,Banana,0
2025-09-18,Banana,4
2025-09-19,Banana,2
2025-09-20,Banana,0
2025-09-21,Banana,4
2025-09-22,Banana,1
2025-09-23,Banana,3
2025-09-24,Banana,1
2025-09-25,Banana,2
2025-09-26,Banana,0
2025-09-27,Banana,4
2025-09-28,Banana,0
2025-09-29,Banana,1
2025-09-30,Banana,2
2025-10-01,Banana,0
2025-10-02,Banana,0
2025-10-03,Banana,2
2025-10-04,Banana,0
2025-10-05,Banana,0
2025-10-06,Banana,4
2025-10-07,Banana,1
2025-10-08,Banana,2
2025-10-09,Banana,0
2025-10-10,Banana,1
2025-10-11,Banana,2
2025-10-12,Banana,0
2025-10-13,Banana,0
2025-10-14,Banana,2
2025-10-15,Banana,2
2025-10-16,Banana,2
2025-10-17,Banana,3
2025-10-18,Banana,0
2025-10-19,Banana,0
2025-10-20,Banana,2
2025-10-21,Banana,0
2025-10-22,Banana,1
2025-10-23,Banana,2
2025-10-24,Banana,0
2025-10-25,Banana,3
2025-10-26,Banana,0
2025-10-27,Banana,4
2025-10-28,Banana,0
2025-10-29,Banana,0
2025-10-30,Banana,4
2025-10-31,Banana,0
2025-11-01,Banana,2
2025-11-02,Banana,0
2025-11-03,Banana,1
2025-11-04,Banana,0
2025-11-05,Banana,3
2025-11-06,Banana,4
2025-11-07,Banana,2
2025-11-08,Banana,0
2025-11-09,Banana,0
2025-11-10,Banana,2
2025-11-11,Banana,0
2025-11-12,Banana,0
2025-11-13,Banana,0
2025-11-14,Banana,2
2025-11-15,Banana,4
2025-11-16,Banana,0
2025-11-17,Banana,0
2025-11-18,Banana,2
2025-11-19,Banana,0
2025-11-20,Banana,0
2025-11-21,Banana,0
2025-11-22,Banana,0
2025-11-23,Banana,0
2025-11-24,Banana,0
2025-11-25,Banana,0
2025-11-26,Banana,0
2025-11-27,Banana,1
2025-11-28,Banana,3
2025-11-29,Banana,1
2025-11-30,Banana,0
2025-12-01,Banana,0
2025-12-02,Banana,3
2025-12-03,Banana,1
2025-12-04,Banana,0
2025-12-05,Banana,1
2025-12-06,Banana,0
2025-12-07,Banana,5
2025-12-08,Banana,0
2025-12-09,Banana,1
2025-12-10,Banana,0
2025-12-11,Banana,2
2025-12-12,Banana,5
2025-12-13,Banana,0
2025-12-14,Banana,2
2025-12-15,Banana,0
2025-12-16,Banana,6
2025-12-17,Banana,0
2025-12-18,Banana,0
2025-12-19,Banana,4
2025-12-20,Banana,1
2025-12-21,Banana,0
2025-12-22,Banana,0
2025-12-23,Banana,4
2025-12-24,Banana,0
2025-12-25,Banana,1
2025-12-26,Banana,4
2025-12-27,Banana,0
2025-12-28,Banana,1
2025-12-29,Banana,2
2025-12-30,Banana,2
2025-12-31,Banana,1
2025-01-01,Apple,22
2025-01-02,Apple,10
2025-01-03,Apple,19
2025-01-04,Apple,10
2025-01-05,Apple,16
2025-01-06,Apple,11
2025-01-07,Apple,7
2025-01-08,Apple,9
2025-01-09,Apple,2
2025-01-10,Apple,7
2025-01-11,Apple,8
2025-01-12,Apple,2
2025-01-13,Apple,3
2025-01-14,Apple,4
2025-01-15,Apple,5
2025-01-16,Apple,6
2025-01-17,Apple,7
2025-01-18,Apple,0
2025-01-19,Apple,4
2025-01-20,Apple,0
2025-01-21,Apple,2
2025-01-22,Apple,2
2025-01-23,Apple,1
2025-01-24,Apple,0
2025-01-25,Apple,0
2025-01-26,Apple,1
2025-01-27,Apple,1
2025-01-28,Apple,0
2025-01-29,Apple,0
2025-01-30,Apple,1
2025-01-31,Apple,3
2025-02-01,Apple,4
2025-02-02,Apple,3
2025-02-03,Apple,0
2025-02-04,Apple,0
2025-02-05,Apple,0
2025-02-06,Apple,2
2025-02-07,Apple,0
2025-02-08,Apple,3
2025-02-09,Apple,1
2025-02-10,Apple,2
2025-02-11,Apple,0
2025-02-12,Apple,0
2025-02-13,Apple,0
2025-02-14,Apple,0
2025-02-15,Apple,0
2025-02-16,Apple,1
2025-02-17,Apple,0
2025-02-18,Apple,0
2025-02-19,Apple,0
2025-02-20,Apple,2
2025-02-21,Apple,1
2025-02-22,Apple,2
2025-02-23,Apple,2
2025-02-24,Apple,0
2025-02-25,Apple,0
2025-02-26,Apple,1
2025-02-27,Apple,3
2025-02-28,Apple,2
2025-03-01,Apple,2
2025-03-02,Apple,1
2025-03-03,Apple,0
2025-03-04,Apple,1
2025-03-05,Apple,0
2025-03-06,Apple,1
2025-03-07,Apple,1
2025-03-08,Apple,1
2025-03-09,Apple,0
2025-03-10,Apple,2
2025-03-11,Apple,0
2025-03-12,Apple,0
2025-03-13,Apple,2
2025-03-14,Apple,1
2025-03-15,Apple,3
2025-03-16,Apple,1
2025-03-17,Apple,0
2025-03-18,Apple,2
2025-03-19,Apple,0
2025-03-20,Apple,0
2025-03-21,Apple,1
2025-03-22,Apple,2
2025-03-23,Apple,3
2025-03-24,Apple,2
2025-03-25,Apple,2
2025-03-26,Apple,1
2025-03-27,Apple,3
2025-03-28,Apple,1
2025-03-29,Apple,0
2025-03-30,Apple,1
2025-03-31,Apple,1
2025-04-01,Apple,2
2025-04-02,Apple,0
2025-04-03,Apple,2
2025-04-04,Apple,0
2025-04-05,Apple,2
2025-04-06,Apple,0
2025-04-07,Apple,0
2025-04-08,Apple,3
2025-04-09,Apple,0
2025-04-10,Apple,4
2025-04-11,Apple,4
2025-04-12,Apple,4
2025-04-13,Apple,0
2025-04-14,Apple,3
2025-04-15,Apple,0
2025-04-16,Apple,1
2025-04-17,Apple,2
2025-04-18,Apple,1
2025-04-19,Apple,4
2025-04-20,Apple,2
2025-04-21,Apple,2
2025-04-22,Apple,0
2025-04-23,Apple,0
2025-04-24,Apple,0
2025-04-25,Apple,3
2025-04-26,Apple,2
2025-04-27,Apple,2
2025-04-28,Apple,3
2025-04-29,Apple,3
2025-04-30,Apple,0
2025-05-01,Apple,4
2025-05-02,Apple,1
2025-05-03,Apple,0
2025-05-04,Apple,1
2025-05-05,Apple,5
2025-05-06,Apple,3
2025-05-07,Apple,0
2025-05-08,Apple,0
2025-05-09,Apple,0
2025-05-10,Apple,2
2025-05-11,Apple,5
2025-05-12,Apple,2
2025-05-13,Apple,0
2025-05-14,Apple,4
2025-05-15,Apple,0
2025-05-16,Apple,1
2025-05-17,Apple,0
2025-05-18,Apple,0
2025-05-19,Apple,4
2025-05-20,Apple,1
2025-05-21,Apple,2
2025-05-22,Apple,0
2025-05-23,Apple,1
2025-05-24,Apple,1
2025-05-25,Apple,4
2025-05-26,Apple,0
2025-05-27,Apple,1
2025-05-28,Apple,4
2025-05-29,Apple,1
2025-05-30,Apple,0
2025-05-31,Apple,0
2025-06-01,Apple,0
2025-06-02,Apple,1
2025-06-03,Apple,0
2025-06-04,Apple,1
2025-06-05,Apple,2
2025-06-06,Apple,4
2025-06-07,Apple,0
2025-06-08,Apple,0
2025-06-09,Apple,6
2025-06-10,Apple,0
2025-06-11,Apple,0
2025-06-12,Apple,2
2025-06-13,Apple,0
2025-06-14,Apple,0
2025-06-15,Apple,3
2025-06-16,Apple,0
2025-06-17,Apple,0
2025-06-18,Apple,4
2025-06-19,Apple,2
2025-06-20,Apple,2
2025-06-21,Apple,3
2025-06-22,Apple,4
2025-06-23,Apple,4
2025-06-24,Apple,3
2025-06-25,Apple,0
2025-06-26,Apple,0
2025-06-27,Apple,3
2025-06-28,Apple,0
2025-06-29,Apple,0
2025-06-30,Apple,0
2025-07-01,Apple,2
2025-07-02,Apple,0
2025-07-03,Apple,3
2025-07-04,Apple,2
2025-07-05,Apple,3
2025-07-06,Apple,2
2025-07-07,Apple,0
2025-07-08,Apple,3
2025-07-09,Apple,1
2025-07-10,Apple,1
2025-07-11,Apple,3
2025-07-12,Apple,2
2025-07-13,Apple,0
2025-07-14,Apple,1
2025-07-15,Apple,4
2025-07-16,Apple,0
2025-07-17,Apple,2
2025-07-18,Apple,1
2025-07-19,Apple,0
2025-07-20,Apple,3
2025-07-21,Apple,3
2025-07-22,Apple,0
2025-07-23,Apple,0
2025-07-24,Apple,0
2025-07-25,Apple,1
2025-07-26,Apple,0
2025-07-27,Apple,3
2025-07-28,Apple,0
2025-07-29,Apple,1
2025-07-30,Apple,2
2025-07-31,Apple,2
2025-08-01,Apple,2
2025-08-02,Apple,0
2025-08-03,Apple,2
2025-08-04,Apple,1
2025-08-05,Apple,0
2025-08-06,Apple,0
2025-08-07,Apple,1
2025-08-08,Apple,0
2025-08-09,Apple,1
2025-08-10,Apple,1
2025-08-11,Apple,0
2025-08-12,Apple,1
2025-08-13,Apple,3
2025-08-14,Apple,0
2025-08-15,Apple,0
2025-08-16,Apple,2
2025-08-17,Apple,2
2025-08-18,Apple,5
2025-08-19,Apple,2
2025-08-20,Apple,3
2025-08-21,Apple,1
2025-08-22,Apple,2
2025-08-23,Apple,4
2025-08-24,Apple,0
2025-08-25,Apple,3
2025-08-26,Apple,1
2025-08-27,Apple,1
2025-08-28,Apple,0
2025-08-29,Apple,3
2025-08-30,Apple,1
2025-08-31,Apple,2
2025-09-01,Apple,0
2025-09-02,Apple,3
2025-09-03,Apple,0
2025-09-04,Apple,1
2025-09-05,Apple,0
2025-09-06,Apple,0
2025-09-07,Apple,0
2025-09-08,Apple,0
2025-09-09,Apple,4
2025-09-10,Apple,0
2025-09-11,Apple,0
2025-09-12,Apple,2
2025-09-13,Apple,4
2025-09-14,Apple,0
2025-09-15,Apple,0
2025-09-16,Apple,0
2025-09-17,Apple,3
2025-09-18,Apple,0
2025-09-19,Apple,0
2025-09-20,Apple,3
2025-09-21,Apple,1
2025-09-22,Apple,0
2025-09-23,Apple,2
2025-09-24,Apple,1
2025-09-25,Apple,0
2025-09-26,Apple,0
2025-09-27,Apple,1
2025-09-28,Apple,0
2025-09-29,Apple,2
2025-09-30,Apple,0
2025-10-01,Apple,0
2025-10-02,Apple,2
2025-10-03,Apple,2
2025-10-04,Apple,1
2025-10-05,Apple,0
2025-10-06,Apple,2
2025-10-07,Apple,0
2025-10-08,Apple,0
2025-10-09,Apple,0
2025-10-10,Apple,0
2025-10-11,Apple,0
2025-10-12,Apple,5
2025-10-13,Apple,3
2025-10-14,Apple,0
2025-10-15,Apple,2
2025-10-16,Apple,0
2025-10-17,Apple,4
2025-10-18,Apple,2
2025-10-19,Apple,0
2025-10-20,Apple,0
2025-10-21,Apple,1
2025-10-22,Apple,2
2025-10-23,Apple,3
2025-10-24,Apple,1
2025-10-25,Apple,1
2025-10-26,Apple,3
2025-10-27,Apple,3
2025-10-28,Apple,0
2025-10-29,Apple,2
2025-10-30,Apple,1
2025-10-31,Apple,0
2025-11-01,Apple,4
2025-11-02,Apple,0
2025-11-03,Apple,3
2025-11-04,Apple,2
2025-11-05,Apple,0
2025-11-06,Apple,1
2025-11-07,Apple,3
2025-11-08,Apple,0
2025-11-09,Apple,0
2025-11-10,Apple,2
2025-11-11,Apple,0
2025-11-12,Apple,1
2025-11-13,Apple,0
2025-11-14,Apple,3
2025-11-15,Apple,1
2025-11-16,Apple,0
2025-11-17,Apple,3
2025-11-18,Apple,0
2025-11-19,Apple,0
2025-11-20,Apple,0
2025-11-21,Apple,2
2025-11-22,Apple,2
2025-11-23,Apple,0
2025-11-24,Apple,4
2025-11-25,Apple,0
2025-11-26,Apple,2
2025-11-27,Apple,3
2025-11-28,Apple,0
2025-11-29,Apple,2
2025-11-30,Apple,2
2025-12-01,Apple,1
2025-12-02,Apple,2
2025-12-03,Apple,0
2025-12-04,Apple,1
2025-12-05,Apple,0
2025-12-06,Apple,0
2025-12-07,Apple,0
2025-12-08,Apple,0
2025-12-09,Apple,0
2025-12-10,Apple,0
2025-12-11,Apple,0
2025-12-12,Apple,3
2025-12-13,Apple,0
2025-12-14,Apple,0
2025-12-15,Apple,1
2025-12-16,Apple,0
2025-12-17,Apple,1
2025-12-18,Apple,1
2025-12-19,Apple,0
2025-12-20,Apple,3
2025-12-21,Apple,0
2025-12-22,Apple,2
2025-12-23,Apple,1
2025-12-24,Apple,0
2025-12-25,Apple,0
2025-12-26,Apple,2
2025-12-27,Apple,0
2025-12-28,Apple,1
2025-12-29,Apple,1
2025-12-30,Apple,4
2025-12-31,Apple,0
2025-01-01,Bread Loaf,33
2025-01-02,Bread Loaf,28
2025-01-03,Bread Loaf,21
2025-01-04,Bread Loaf,24
2025-01-05,Bread Loaf,24
2025-01-06,Bread Loaf,9
2025-01-07,Bread Loaf,15
2025-01-08,Bread Loaf,13
2025-01-09,Bread Loaf,14
2025-01-10,Bread Loaf,13
2025-01-11,Bread Loaf,8
2025-01-12,Bread Loaf,11
2025-01-13,Bread Loaf,8
2025-01-14,Bread Loaf,8
2025-01-15,Bread Loaf,4
2025-01-16,Bread Loaf,5
2025-01-17,Bread Loaf,4
2025-01-18,Bread Loaf,2
2025-01-19,Bread Loaf,5
2025-01-20,Bread Loaf,2
2025-01-21,Bread Loaf,3
2025-01-22,Bread Loaf,4
2025-01-23,Bread Loaf,1
2025-01-24,Bread Loaf,2
2025-01-25,Bread Loaf,0
2025-01-26,Bread Loaf,10
2025-01-27,Bread Loaf,2
2025-01-28,Bread Loaf,3
2025-01-29,Bread Loaf,3
2025-01-30,Bread Loaf,1
2025-01-31,Bread Loaf,2
2025-02-01,Bread Loaf,0
2025-02-02,Bread Loaf,0
2025-02-03,Bread Loaf,0
2025-02-04,Bread Loaf,2
2025-02-05,Bread Loaf,3
2025-02-06,Bread Loaf,5
2025-02-07,Bread Loaf,0
2025-02-08,Bread Loaf,1
2025-02-09,Bread Loaf,0
2025-02-10,Bread Loaf,0
2025-02-11,Bread Loaf,2
2025-02-12,Bread Loaf,3
2025-02-13,Bread Loaf,1
2025-02-14,Bread Loaf,2
2025-02-15,Bread Loaf,0
2025-02-16,Bread Loaf,2
2025-02-17,Bread Loaf,0
2025-02-18,Bread Loaf,2
2025-02-19,Bread Loaf,0
2025-02-20,Bread Loaf,0
2025-02-21,Bread Loaf,1
2025-02-22,Bread Loaf,0
2025-02-23,Bread Loaf,3
2025-02-24,Bread Loaf,4
2025-02-25,Bread Loaf,2
2025-02-26,Bread Loaf,2
2025-02-27,Bread Loaf,1
2025-02-28,Bread Loaf,2
2025-03-01,Bread Loaf,5
2025-03-02,Bread Loaf,4
2025-03-03,Bread Loaf,0
2025-03-04,Bread Loaf,2
2025-03-05,Bread Loaf,0
2025-03-06,Bread Loaf,3
2025-03-07,Bread Loaf,5
2025-03-08,Bread Loaf,3
2025-03-09,Bread Loaf,2
2025-03-10,Bread Loaf,0
2025-03-11,Bread Loaf,0
2025-03-12,Bread Loaf,0
2025-03-13,Bread Loaf,0
2025-03-14,Bread Loaf,6
2025-03-15,Bread Loaf,0
2025-03-16,Bread Loaf,2
2025-03-17,Bread Loaf,2
2025-03-18,Bread Loaf,2
2025-03-19,Bread Loaf,5
2025-03-20,Bread Loaf,2
2025-03-21,Bread Loaf,0
2025-03-22,Bread Loaf,4
2025-03-23,Bread Loaf,3
2025-03-24,Bread Loaf,2
2025-03-25,Bread Loaf,1
2025-03-26,Bread Loaf,0
2025-03-27,Bread Loaf,1
2025-03-28,Bread Loaf,1
2025-03-29,Bread Loaf,2
2025-03-30,Bread Loaf,3
2025-03-31,Bread Loaf,1
2025-04-01,Bread Loaf,0
2025-04-02,Bread Loaf,1
2025-04-03,Bread Loaf,1
2025-04-04,Bread Loaf,2
2025-04-05,Bread Loaf,4
2025-04-06,Bread Loaf,0
2025-04-07,Bread Loaf,2
2025-04-08,Bread Loaf,3
2025-04-09,Bread Loaf,1
2025-04-10,Bread Loaf,1
2025-04-11,Bread Loaf,0
2025-04-12,Bread Loaf,1
2025-04-13,Bread Loaf,2
2025-04-14,Bread Loaf,1
2025-04-15,Bread Loaf,1
2025-04-16,Bread Loaf,2
2025-04-17,Bread Loaf,2
2025-04-18,Bread Loaf,3
2025-04-19,Bread Loaf,2
2025-04-20,Bread Loaf,0
2025-04-21,Bread Loaf,0
2025-04-22,Bread Loaf,0
2025-04-23,Bread Loaf,0
2025-04-24,Bread Loaf,1
2025-04-25,Bread Loaf,1
2025-04-26,Bread Loaf,2
2025-04-27,Bread Loaf,1
2025-04-28,Bread Loaf,2
2025-04-29,Bread Loaf,1
2025-04-30,Bread Loaf,0
2025-05-01,Bread Loaf,0
2025-05-02,Bread Loaf,0
2025-05-03,Bread Loaf,0
2025-05-04,Bread Loaf,0
2025-05-05,Bread Loaf,3
2025-05-06,Bread Loaf,2
2025-05-07,Bread Loaf,1
2025-05-08,Bread Loaf,2
2025-05-09,Bread Loaf,0
2025-05-10,Bread Loaf,3
2025-05-11,Bread Loaf,2
2025-05-12,Bread Loaf,2
2025-05-13,Bread Loaf,0
2025-05-14,Bread Loaf,1
2025-05-15,Bread Loaf,0
2025-05-16,Bread Loaf,0
2025-05-17,Bread Loaf,2
2025-05-18,Bread Loaf,0
2025-05-19,Bread Loaf,0
2025-05-20,Bread Loaf,3
2025-05-21,Bread Loaf,0
2025-05-22,Bread Loaf,2
2025-05-23,Bread Loaf,0
2025-05-24,Bread Loaf,1
2025-05-25,Bread Loaf,3
2025-05-26,Bread Loaf,3
2025-05-27,Bread Loaf,2
2025-05-28,Bread Loaf,1
2025-05-29,Bread Loaf,0
2025-05-30,Bread Loaf,3
2025-05-31,Bread Loaf,2
2025-06-01,Bread Loaf,0
2025-06-02,Bread Loaf,3
2025-06-03,Bread Loaf,1
2025-06-04,Bread Loaf,0
2025-06-05,Bread Loaf,0
2025-06-06,Bread Loaf,0
2025-06-07,Bread Loaf,1
2025-06-08,Bread Loaf,2
2025-06-09,Bread Loaf,0
2025-06-10,Bread Loaf,4
2025-06-11,Bread Loaf,1
2025-06-12,Bread Loaf,2
2025-06-13,Bread Loaf,2
2025-06-14,Bread Loaf,0
2025-06-15,Bread Loaf,0
2025-06-16,Bread Loaf,2
2025-06-17,Bread Loaf,2
2025-06-18,Bread Loaf,0
2025-06-19,Bread Loaf,3
2025-06-20,Bread Loaf,2
2025-06-21,Bread Loaf,1
2025-06-22,Bread Loaf,2
2025-06-23,Bread Loaf,3
2025-06-24,Bread Loaf,0
2025-06-25,Bread Loaf,2
2025-06-26,Bread Loaf,0
2025-06-27,Bread Loaf,0
2025-06-28,Bread Loaf,1
2025-06-29,Bread Loaf,1
2025-06-30,Bread Loaf,3
2025-07-01,Bread Loaf,1
2025-07-02,Bread Loaf,0
2025-07-03,Bread Loaf,0
2025-07-04,Bread Loaf,0
2025-07-05,Bread Loaf,1
2025-07-06,Bread Loaf,4
2025-07-07,Bread Loaf,1
2025-07-08,Bread Loaf,3
2025-07-09,Bread Loaf,0
2025-07-10,Bread Loaf,0
2025-07-11,Bread Loaf,0
2025-07-12,Bread Loaf,0
2025-07-13,Bread Loaf,0
2025-07-14,Bread Loaf,2
2025-07-15,Bread Loaf,2
2025-07-16,Bread Loaf,3
2025-07-17,Bread Loaf,4
2025-07-18,Bread Loaf,1
2025-07-19,Bread Loaf,3
2025-07-20,Bread Loaf,1
2025-07-21,Bread Loaf,1
2025-07-22,Bread Loaf,0
2025-07-23,Bread Loaf,0
2025-07-24,Bread Loaf,5
2025-07-25,Bread Loaf,0
2025-07-26,Bread Loaf,4
2025-07-27,Bread Loaf,1
2025-07-28,Bread Loaf,0
2025-07-29,Bread Loaf,0
2025-07-30,Bread Loaf,0
2025-07-31,Bread Loaf,1
2025-08-01,Bread Loaf,0
2025-08-02,Bread Loaf,0
2025-08-03,Bread Loaf,0
2025-08-04,Bread Loaf,1
2025-08-05,Bread Loaf,3
2025-08-06,Bread Loaf,0
2025-08-07,Bread Loaf,0
2025-08-08,Bread Loaf,0
2025-08-09,Bread Loaf,0
2025-08-10,Bread Loaf,2
2025-08-11,Bread Loaf,1
2025-08-12,Bread Loaf,0
2025-08-13,Bread Loaf,2
2025-08-14,Bread Loaf,1
2025-08-15,Bread Loaf,3
2025-08-16,Bread Loaf,1
2025-08-17,Bread Loaf,3
2025-08-18,Bread Loaf,1
2025-08-19,Bread Loaf,4
2025-08-20,Bread Loaf,0
2025-08-21,Bread Loaf,3
2025-08-22,Bread Loaf,3
2025-08-23,Bread Loaf,3
2025-08-24,Bread Loaf,0
2025-08-25,Bread Loaf,3
2025-08-26,Bread Loaf,3
2025-08-27,Bread Loaf,5
2025-08-28,Bread Loaf,0
2025-08-29,Bread Loaf,2
2025-08-30,Bread Loaf,1
2025-08-31,Bread Loaf,3
2025-09-01,Bread Loaf,1
2025-09-02,Bread Loaf,0
2025-09-03,Bread Loaf,0
2025-09-04,Bread Loaf,0
2025-09-05,Bread Loaf,1
2025-09-06,Bread Loaf,3
2025-09-07,Bread Loaf,2
2025-09-08,Bread Loaf,5
2025-09-09,Bread Loaf,2
2025-09-10,Bread Loaf,0
2025-09-11,Bread Loaf,0
2025-09-12,Bread Loaf,2
2025-09-13,Bread Loaf,0
2025-09-14,Bread Loaf,0
2025-09-15,Bread Loaf,4
2025-09-16,Bread Loaf,2
2025-09-17,Bread Loaf,0
2025-09-18,Bread Loaf,2
2025-09-19,Bread Loaf,3
2025-09-20,Bread Loaf,2
2025-09-21,Bread Loaf,0
2025-09-22,Bread Loaf,0
2025-09-23,Bread Loaf,0
2025-09-24,Bread Loaf,3
2025-09-25,Bread Loaf,2
2025-09-26,Bread Loaf,3
2025-09-27,Bread Loaf,1
2025-09-28,Bread Loaf,0
2025-09-29,Bread Loaf,0
2025-09-30,Bread Loaf,0
2025-10-01,Bread Loaf,0
2025-10-02,Bread Loaf,4
2025-10-03,Bread Loaf,2
2025-10-04,Bread Loaf,2
2025-10-05,Bread Loaf,1
2025-10-06,Bread Loaf,1
2025-10-07,Bread Loaf,4
2025-10-08,Bread Loaf,2
2025-10-09,Bread Loaf,1
2025-10-10,Bread Loaf,2
2025-10-11,Bread Loaf,1
2025-10-12,Bread Loaf,1
2025-10-13,Bread Loaf,1
2025-10-14,Bread Loaf,0
2025-10-15,Bread Loaf,3
2025-10-16,Bread Loaf,0
2025-10-17,Bread Loaf,1
2025-10-18,Bread Loaf,0
2025-10-19,Bread Loaf,3
2025-10-20,Bread Loaf,1
2025-10-21,Bread Loaf,0
2025-10-22,Bread Loaf,2
2025-10-23,Bread Loaf,1
2025-10-24,Bread Loaf,0
2025-10-25,Bread Loaf,2
2025-10-26,Bread Loaf,0
2025-10-27,Bread Loaf,0
2025-10-28,Bread Loaf,2
2025-10-29,Bread Loaf,3
2025-10-30,Bread Loaf,3
2025-10-31,Bread Loaf,0
2025-11-01,Bread Loaf,0
2025-11-02,Bread Loaf,3
2025-11-03,Bread Loaf,2
2025-11-04,Bread Loaf,3
2025-11-05,Bread Loaf,3
2025-11-06,Bread Loaf,1
2025-11-07,Bread Loaf,3
2025-11-08,Bread Loaf,0
2025-11-09,Bread Loaf,2
2025-11-10,Bread Loaf,3
2025-11-11,Bread Loaf,3
2025-11-12,Bread Loaf,3
2025-11-13,Bread Loaf,0
2025-11-14,Bread Loaf,1
2025-11-15,Bread Loaf,0
2025-11-16,Bread Loaf,1
2025-11-17,Bread Loaf,0
2025-11-18,Bread Loaf,0
2025-11-19,Bread Loaf,3
2025-11-20,Bread Loaf,1
2025-11-21,Bread Loaf,0
2025-11-22,Bread Loaf,0
2025-11-23,Bread Loaf,0
2025-11-24,Bread Loaf,1
2025-11-25,Bread Loaf,4
2025-11-26,Bread Loaf,0
2025-11-27,Bread Loaf,0
2025-11-28,Bread Loaf,1
2025-11-29,Bread Loaf,4
2025-11-30,Bread Loaf,3
2025-12-01,Bread Loaf,3
2025-12-02,Bread Loaf,0
2025-12-03,Bread Loaf,2
2025-12-04,Bread Loaf,0
2025-12-05,Bread Loaf,4
2025-12-06,Bread Loaf,3
2025-12-07,Bread Loaf,3
2025-12-08,Bread Loaf,3
2025-12-09,Bread Loaf,0
2025-12-10,Bread Loaf,0
2025-12-11,Bread Loaf,2
2025-12-12,Bread Loaf,4
2025-12-13,Bread Loaf,0
2025-12-14,Bread Loaf,1
2025-12-15,Bread Loaf,0
2025-12-16,Bread Loaf,0
2025-12-17,Bread Loaf,2
2025-12-18,Bread Loaf,0
2025-12-19,Bread Loaf,2
2025-12-20,Bread Loaf,0
2025-12-21,Bread Loaf,0
2025-12-22,Bread Loaf,2
2025-12-23,Bread Loaf,0
2025-12-24,Bread Loaf,6
2025-12-25,Bread Loaf,0
2025-12-26,Bread Loaf,3
2025-12-27,Bread Loaf,4
2025-12-28,Bread Loaf,1
2025-12-29,Bread Loaf,1
2025-12-30,Bread Loaf,0
2025-12-31,Bread Loaf,2
2025-01-01,Bagel,8
2025-01-02,Bagel,11
2025-01-03,Bagel,10
2025-01-04,Bagel,13
2025-01-05,Bagel,5
2025-01-06,Bagel,5
2025-01-07,Bagel,9
2025-01-08,Bagel,6
2025-01-09,Bagel,5
2025-01-10,Bagel,8
2025-01-11,Bagel,3
2025-01-12,Bagel,4
2025-01-13,Bagel,4
2025-01-14,Bagel,5
2025-01-15,Bagel,3
2025-01-16,Bagel,1
2025-01-17,Bagel,0
2025-01-18,Bagel,1
2025-01-19,Bagel,3
2025-01-20,Bagel,1
2025-01-21,Bagel,0
2025-01-22,Bagel,1
2025-01-23,Bagel,0
2025-01-24,Bagel,4
2025-01-25,Bagel,0
2025-01-26,Bagel,2
2025-01-27,Bagel,0
2025-01-28,Bagel,3
2025-01-29,Bagel,0
2025-01-30,Bagel,0
2025-01-31,Bagel,0
2025-02-01,Bagel,3
2025-02-02,Bagel,0
2025-02-03,Bagel,0
2025-02-04,Bagel,2
2025-02-05,Bagel,0
2025-02-06,Bagel,0
2025-02-07,Bagel,2
2025-02-08,Bagel,1
2025-02-09,Bagel,3
2025-02-10,Bagel,3
2025-02-11,Bagel,0
2025-02-12,Bagel,1
2025-02-13,Bagel,0
2025-02-14,Bagel,0
2025-02-15,Bagel,0
2025-02-16,Bagel,2
2025-02-17,Bagel,4
2025-02-18,Bagel,3
2025-02-19,Bagel,0
2025-02-20,Bagel,2
2025-02-21,Bagel,0
2025-02-22,Bagel,3
2025-02-23,Bagel,3
2025-02-24,Bagel,0
2025-02-25,Bagel,1
2025-02-26,Bagel,0
2025-02-27,Bagel,3
2025-02-28,Bagel,0
2025-03-01,Bagel,2
2025-03-02,Bagel,2
2025-03-03,Bagel,0
2025-03-04,Bagel,1
2025-03-05,Bagel,3
2025-03-06,Bagel,0
2025-03-07,Bagel,0
2025-03-08,Bagel,4
2025-03-09,Bagel,1
2025-03-10,Bagel,2
2025-03-11,Bagel,1
2025-03-12,Bagel,3
2025-03-13,Bagel,0
2025-03-14,Bagel,1
2025-03-15,Bagel,0
2025-03-16,Bagel,1
2025-03-17,Bagel,1
2025-03-18,Bagel,5
2025-03-19,Bagel,4
2025-03-20,Bagel,2
2025-03-21,Bagel,0
2025-03-22,Bagel,4
2025-03-23,Bagel,0
2025-03-24,Bagel,0
2025-03-25,Bagel,2
2025-03-26,Bagel,2
2025-03-27,Bagel,1
2025-03-28,Bagel,2
2025-03-29,Bagel,3
2025-03-30,Bagel,2
2025-03-31,Bagel,3
2025-04-01,Bagel,1
2025-04-02,Bagel,0
2025-04-03,Bagel,1
2025-04-04,Bagel,1
2025-04-05,Bagel,0
2025-04-06,Bagel,0
2025-04-07,Bagel,0
2025-04-08,Bagel,0
2025-04-09,Bagel,2
2025-04-10,Bagel,4
2025-04-11,Bagel,0
2025-04-12,Bagel,0
2025-04-13,Bagel,5
2025-04-14,Bagel,1
2025-04-15,Bagel,2
2025-04-16,Bagel,0
2025-04-17,Bagel,1
2025-04-18,Bagel,0
2025-04-19,Bagel,4
2025-04-20,Bagel,1
2025-04-21,Bagel,0
2025-04-22,Bagel,1
2025-04-23,Bagel,2
2025-04-24,Bagel,0
2025-04-25,Bagel,2
2025-04-26,Bagel,1
2025-04-27,Bagel,2
2025-04-28,Bagel,0
2025-04-29,Bagel,2
2025-04-30,Bagel,1
2025-05-01,Bagel,1
2025-05-02,Bagel,2
2025-05-03,Bagel,2
2025-05-04,Bagel,2
2025-05-05,Bagel,0
2025-05-06,Bagel,2
2025-05-07,Bagel,2
2025-05-08,Bagel,3
2025-05-09,Bagel,0
2025-05-10,Bagel,1
2025-05-11,Bagel,0
2025-05-12,Bagel,6
2025-05-13,Bagel,0
2025-05-14,Bagel,0
2025-05-15,Bagel,2
2025-05-16,Bagel,0
2025-05-17,Bagel,0
2025-05-18,Bagel,1
2025-05-19,Bagel,2
2025-05-20,Bagel,0
2025-05-21,Bagel,3
2025-05-22,Bagel,0
2025-05-23,Bagel,2
2025-05-24,Bagel,1
2025-05-25,Bagel,1
2025-05-26,Bagel,0
2025-05-27,Bagel,1
2025-05-28,Bagel,2
2025-05-29,Bagel,2
2025-05-30,Bagel,3
2025-05-31,Bagel,2
2025-06-01,Bagel,1
2025-06-02,Bagel,0
2025-06-03,Bagel,3
2025-06-04,Bagel,2
2025-06-05,Bagel,1
2025-06-06,Bagel,0
2025-06-07,Bagel,0
2025-06-08,Bagel,1
2025-06-09,Bagel,0
2025-06-10,Bagel,2
2025-06-11,Bagel,0
2025-06-12,Bagel,2
2025-06-13,Bagel,4
2025-06-14,Bagel,0
2025-06-15,Bagel,2
2025-06-16,Bagel,3
2025-06-17,Bagel,0
2025-06-18,Bagel,3
2025-06-19,Bagel,0
2025-06-20,Bagel,1
2025-06-21,Bagel,0
2025-06-22,Bagel,1
2025-06-23,Bagel,0
2025-06-24,Bagel,0
2025-06-25,Bagel,1
2025-06-26,Bagel,0
2025-06-27,Bagel,6
2025-06-28,Bagel,1
2025-06-29,Bagel,4
2025-06-30,Bagel,0
2025-07-01,Bagel,3
2025-07-02,Bagel,1
2025-07-03,Bagel,1
2025-07-04,Bagel,0
2025-07-05,Bagel,1
2025-07-06,Bagel,1
2025-07-07,Bagel,1
2025-07-08,Bagel,0
2025-07-09,Bagel,0
2025-07-10,Bagel,1
2025-07-11,Bagel,4
2025-07-12,Bagel,0
2025-07-13,Bagel,1
2025-07-14,Bagel,1
2025-07-15,Bagel,4
2025-07-16,Bagel,1
2025-07-17,Bagel,2
2025-07-18,Bagel,0
2025-07-19,Bagel,0
2025-07-20,Bagel,4
2025-07-21,Bagel,0
2025-07-22,Bagel,3
2025-07-23,Bagel,0
2025-07-24,Bagel,0
2025-07-25,Bagel,1
2025-07-26,Bagel,0
2025-07-27,Bagel,0
2025-07-28,Bagel,0
2025-07-29,Bagel,0
2025-07-30,Bagel,0
2025-07-31,Bagel,2
2025-08-01,Bagel,0
2025-08-02,Bagel,0
2025-08-03,Bagel,0
2025-08-04,Bagel,2
2025-08-05,Bagel,0
2025-08-06,Bagel,0
2025-08-07,Bagel,1
2025-08-08,Bagel,1
2025-08-09,Bagel,2
2025-08-10,Bagel,2
2025-08-11,Bagel,2
2025-08-12,Bagel,2
2025-08-13,Bagel,2
2025-08-14,Bagel,0
2025-08-15,Bagel,2
2025-08-16,Bagel,1
2025-08-17,Bagel,0
2025-08-18,Bagel,0
2025-08-19,Bagel,3
2025-08-20,Bagel,1
2025-08-21,Bagel,0
2025-08-22,Bagel,0
2025-08-23,Bagel,3
2025-08-24,Bagel,2
2025-08-25,Bagel,2
2025-08-26,Bagel,0
2025-08-27,Bagel,0
2025-08-28,Bagel,0
2025-08-29,Bagel,0
2025-08-30,Bagel,3
2025-08-31,Bagel,0
2025-09-01,Bagel,2
2025-09-02,Bagel,6
2025-09-03,Bagel,0
2025-09-04,Bagel,2
2025-09-05,Bagel,0
2025-09-06,Bagel,0
2025-09-07,Bagel,0
2025-09-08,Bagel,0
2025-09-09,Bagel,2
2025-09-10,Bagel,1
2025-09-11,Bagel,1
2025-09-12,Bagel,1
2025-09-13,Bagel,4
2025-09-14,Bagel,1
2025-09-15,Bagel,1
2025-09-16,Bagel,0
2025-09-17,Bagel,3
2025-09-18,Bagel,3
2025-09-19,Bagel,0
2025-09-20,Bagel,2
2025-09-21,Bagel,3
2025-09-22,Bagel,2
2025-09-23,Bagel,0
2025-09-24,Bagel,0
2025-09-25,Bagel,0
2025-09-26,Bagel,3
2025-09-27,Bagel,3
2025-09-28,Bagel,2
2025-09-29,Bagel,0
2025-09-30,Bagel,4
2025-10-01,Bagel,0
2025-10-02,Bagel,1
2025-10-03,Bagel,2
2025-10-04,Bagel,1
2025-10-05,Bagel,0
2025-10-06,Bagel,0
2025-10-07,Bagel,3
2025-10-08,Bagel,0
2025-10-09,Bagel,2
2025-10-10,Bagel,1
2025-10-11,Bagel,0
2025-10-12,Bagel,2
2025-10-13,Bagel,3
2025-10-14,Bagel,1
2025-10-15,Bagel,2
2025-10-16,Bagel,0
2025-10-17,Bagel,0
2025-10-18,Bagel,1
2025-10-19,Bagel,0
2025-10-20,Bagel,1
2025-10-21,Bagel,4
2025-10-22,Bagel,4
2025-10-23,Bagel,1
2025-10-24,Bagel,0
2025-10-25,Bagel,2
2025-10-26,Bagel,0
2025-10-27,Bagel,0
2025-10-28,Bagel,0
2025-10-29,Bagel,3
2025-10-30,Bagel,2
2025-10-31,Bagel,3
2025-11-01,Bagel,0
2025-11-02,Bagel,0
2025-11-03,Bagel,5
2025-11-04,Bagel,2
2025-11-05,Bagel,1
2025-11-06,Bagel,0
2025-11-07,Bagel,0
2025-11-08,Bagel,6
2025-11-09,Bagel,3
2025-11-10,Bagel,0
2025-11-11,Bagel,3
2025-11-12,Bagel,1
2025-11-13,Bagel,0
2025-11-14,Bagel,0
2025-11-15,Bagel,1
2025-11-16,Bagel,2
2025-11-17,Bagel,1
2025-11-18,Bagel,0
2025-11-19,Bagel,2
2025-11-20,Bagel,3
2025-11-21,Bagel,0
2025-11-22,Bagel,2
2025-11-23,Bagel,1
2025-11-24,Bagel,6
2025-11-25,Bagel,3
2025-11-26,Bagel,0
2025-11-27,Bagel,3
2025-11-28,Bagel,5
2025-11-29,Bagel,0
2025-11-30,Bagel,0
2025-12-01,Bagel,0
2025-12-02,Bagel,2
2025-12-03,Bagel,6
2025-12-04,Bagel,1
2025-12-05,Bagel,0
2025-12-06,Bagel,0
2025-12-07,Bagel,2
2025-12-08,Bagel,1
2025-12-09,Bagel,0
2025-12-10,Bagel,3
2025-12-11,Bagel,0
2025-12-12,Bagel,3
2025-12-13,Bagel,0
2025-12-14,Bagel,0
2025-12-15,Bagel,0
2025-12-16,Bagel,3
2025-12-17,Bagel,0
2025-12-18,Bagel,0
2025-12-19,Bagel,1
2025-12-20,Bagel,1
2025-12-21,Bagel,0
2025-12-22,Bagel,3
2025-12-23,Bagel,3
2025-12-24,Bagel,2
2025-12-25,Bagel,1
2025-12-26,Bagel,0
2025-12-27,Bagel,3
2025-12-28,Bagel,0
2025-12-29,Bagel,0
2025-12-30,Bagel,0
2025-12-31,Bagel,0
2025-01-01,Orange Juice,19
2025-01-02,Orange Juice,19
2025-01-03,Orange Juice,8
2025-01-04,Orange Juice,18
2025-01-05,Orange Juice,9
2025-01-06,Orange Juice,16
2025-01-07,Orange Juice,12
2025-01-08,Orange Juice,6
2025-01-09,Orange Juice,16
2025-01-10,Orange Juice,6
2025-01-11,Orange Juice,8
2025-01-12,Orange Juice,4
2025-01-13,Orange Juice,5
2025-01-14,Orange Juice,6
2025-01-15,Orange Juice,6
2025-01-16,Orange Juice,3
2025-01-17,Orange Juice,5
2025-01-18,Orange Juice,3
2025-01-19,Orange Juice,5
2025-01-20,Orange Juice,0
2025-01-21,Orange Juice,6
2025-01-22,Orange Juice,5
2025-01-23,Orange Juice,0
2025-01-24,Orange Juice,1
2025-01-25,Orange Juice,2
2025-01-26,Orange Juice,0
2025-01-27,Orange Juice,0
2025-01-28,Orange Juice,0
2025-01-29,Orange Juice,1
2025-01-30,Orange Juice,1
2025-01-31,Orange Juice,1
2025-02-01,Orange Juice,0
2025-02-02,Orange Juice,0
2025-02-03,Orange Juice,2
2025-02-04,Orange Juice,3
2025-02-05,Orange Juice,3
2025-02-06,Orange Juice,1
2025-02-07,Orange Juice,0
2025-02-08,Orange Juice,2
2025-02-09,Orange Juice,5
2025-02-10,Orange Juice,0
2025-02-11,Orange Juice,0
2025-02-12,Orange Juice,1
2025-02-13,Orange Juice,2
2025-02-14,Orange Juice,1
2025-02-15,Orange Juice,3
2025-02-16,Orange Juice,0
2025-02-17,Orange Juice,0
2025-02-18,Orange Juice,0
2025-02-19,Orange Juice,2
2025-02-20,Orange Juice,5
2025-02-21,Orange Juice,0
2025-02-22,Orange Juice,2
2025-02-23,Orange Juice,1
2025-02-24,Orange Juice,0
2025-02-25,Orange Juice,2
2025-02-26,Orange Juice,3
2025-02-27,Orange Juice,0
2025-02-28,Orange Juice,1
2025-03-01,Orange Juice,3
2025-03-02,Orange Juice,1
2025-03-03,Orange Juice,0
2025-03-04,Orange Juice,0
2025-03-05,Orange Juice,0
2025-03-06,Orange Juice,1
2025-03-07,Orange Juice,2
2025-03-08,Orange Juice,0
2025-03-09,Orange Juice,1
2025-03-10,Orange Juice,0
2025-03-11,Orange Juice,0
2025-03-12,Orange Juice,0
2025-03-13,Orange Juice,0
2025-03-14,Orange Juice,2
2025-03-15,Orange Juice,2
2025-03-16,Orange Juice,0
2025-03-17,Orange Juice,3
2025-03-18,Orange Juice,4
2025-03-19,Orange Juice,1
2025-03-20,Orange Juice,1
2025-03-21,Orange Juice,0
2025-03-22,Orange Juice,1
2025-03-23,Orange Juice,0
2025-03-24,Orange Juice,0
2025-03-25,Orange Juice,1
2025-03-26,Orange Juice,5
2025-03-27,Orange Juice,1
2025-03-28,Orange Juice,5
2025-03-29,Orange Juice,0
2025-03-30,Orange Juice,0
2025-03-31,Orange Juice,1
2025-04-01,Orange Juice,3
2025-04-02,Orange Juice,0
2025-04-03,Orange Juice,0
2025-04-04,Orange Juice,4
2025-04-05,Orange Juice,2
2025-04-06,Orange Juice,0
2025-04-07,Orange Juice,2
2025-04-08,Orange Juice,0
2025-04-09,Orange Juice,0
2025-04-10,Orange Juice,5
2025-04-11,Orange Juice,4
2025-04-12,Orange Juice,4
2025-04-13,Orange Juice,2
2025-04-14,Orange Juice,1
2025-04-15,Orange Juice,5
2025-04-16,Orange Juice,3
2025-04-17,Orange Juice,3
2025-04-18,Orange Juice,0
2025-04-19,Orange Juice,0
2025-04-20,Orange Juice,1
2025-04-21,Orange Juice,2
2025-04-22,Orange Juice,4
2025-04-23,Orange Juice,0
2025-04-24,Orange Juice,0
2025-04-25,Orange Juice,0
2025-04-26,Orange Juice,2
2025-04-27,Orange Juice,0
2025-04-28,Orange Juice,0
2025-04-29,Orange Juice,3
2025-04-30,Orange Juice,0
2025-05-01,Orange Juice,0
2025-05-02,Orange Juice,0
2025-05-03,Orange Juice,0
2025-05-04,Orange Juice,0
2025-05-05,Orange Juice,2
2025-05-06,Orange Juice,0
2025-05-07,Orange Juice,5
2025-05-08,Orange Juice,0
2025-05-09,Orange Juice,0
2025-05-10,Orange Juice,1
2025-05-11,Orange Juice,2
2025-05-12,Orange Juice,1
2025-05-13,Orange Juice,0
2025-05-14,Orange Juice,0
2025-05-15,Orange Juice,2
2025-05-16,Orange Juice,0
2025-05-17,Orange Juice,4
2025-05-18,Orange Juice,0
2025-05-19,Orange Juice,3
2025-05-20,Orange Juice,2
2025-05-21,Orange Juice,0
2025-05-22,Orange Juice,1
2025-05-23,Orange Juice,0
2025-05-24,Orange Juice,3
2025-05-25,Orange Juice,2
2025-05-26,Orange Juice,0
2025-05-27,Orange Juice,1
2025-05-28,Orange Juice,0
2025-05-29,Orange Juice,4
2025-05-30,Orange Juice,3
2025-05-31,Orange Juice,0
2025-06-01,Orange Juice,0
2025-06-02,Orange Juice,0
2025-06-03,Orange Juice,0
2025-06-04,Orange Juice,0
2025-06-05,Orange Juice,4
2025-06-06,Orange Juice,0
2025-06-07,Orange Juice,2
2025-06-08,Orange Juice,5
2025-06-09,Orange Juice,2
2025-06-10,Orange Juice,1
2025-06-11,Orange Juice,0
2025-06-12,Orange Juice,0
2025-06-13,Orange Juice,0
2025-06-14,Orange Juice,6
2025-06-15,Orange Juice,1
2025-06-16,Orange Juice,2
2025-06-17,Orange Juice,2
2025-06-18,Orange Juice,3
2025-06-19,Orange Juice,2
2025-06-20,Orange Juice,0
2025-06-21,Orange Juice,0
2025-06-22,Orange Juice,0
2025-06-23,Orange Juice,1
2025-06-24,Orange Juice,0
2025-06-25,Orange Juice,0
2025-06-26,Orange Juice,1
2025-06-27,Orange Juice,3
2025-06-28,Orange Juice,0
2025-06-29,Orange Juice,1
2025-06-30,Orange Juice,1
2025-07-01,Orange Juice,2
2025-07-02,Orange Juice,3
2025-07-03,Orange Juice,0
2025-07-04,Orange Juice,1
2025-07-05,Orange Juice,2
2025-07-06,Orange Juice,0
2025-07-07,Orange Juice,0
2025-07-08,Orange Juice,4
2025-07-09,Orange Juice,0
2025-07-10,Orange Juice,1
2025-07-11,Orange Juice,3
2025-07-12,Orange Juice,3
2025-07-13,Orange Juice,0
2025-07-14,Orange Juice,0
2025-07-15,Orange Juice,1
2025-07-16,Orange Juice,3
2025-07-17,Orange Juice,0
2025-07-18,Orange Juice,0
2025-07-19,Orange Juice,0
2025-07-20,Orange Juice,0
2025-07-21,Orange Juice,0
2025-07-22,Orange Juice,4
2025-07-23,Orange Juice,0
2025-07-24,Orange Juice,0
2025-07-25,Orange Juice,2
2025-07-26,Orange Juice,0
2025-07-27,Orange Juice,1
2025-07-28,Orange Juice,0
2025-07-29,Orange Juice,4
2025-07-30,Orange Juice,4
2025-07-31,Orange Juice,2
2025-08-01,Orange Juice,0
2025-08-02,Orange Juice,0
2025-08-03,Orange Juice,0
2025-08-04,Orange Juice,0
2025-08-05,Orange Juice,2
2025-08-06,Orange Juice,0
2025-08-07,Orange Juice,0
2025-08-08,Orange Juice,1
2025-08-09,Orange Juice,1
2025-08-10,Orange Juice,2
2025-08-11,Orange Juice,0
2025-08-12,Orange Juice,1
2025-08-13,Orange Juice,3
2025-08-14,Orange Juice,1
2025-08-15,Orange Juice,2
2025-08-16,Orange Juice,1
2025-08-17,Orange Juice,0
2025-08-18,Orange Juice,0
2025-08-19,Orange Juice,4
2025-08-20,Orange Juice,4
2025-08-21,Orange Juice,1
2025-08-22,Orange Juice,1
2025-08-23,Orange Juice,1
2025-08-24,Orange Juice,1
2025-08-25,Orange Juice,0
2025-08-26,Orange Juice,2
2025-08-27,Orange Juice,0
2025-08-28,Orange Juice,3
2025-08-29,Orange Juice,3
2025-08-30,Orange Juice,2
2025-08-31,Orange Juice,1
2025-09-01,Orange Juice,0
2025-09-02,Orange Juice,0
2025-09-03,Orange Juice,3
2025-09-04,Orange Juice,1
2025-09-05,Orange Juice,0
2025-09-06,Orange Juice,0
2025-09-07,Orange Juice,3
2025-09-08,Orange Juice,1
2025-09-09,Orange Juice,0
2025-09-10,Orange Juice,0
2025-09-11,Orange Juice,3
2025-09-12,Orange Juice,1
2025-09-13,Orange Juice,2
2025-09-14,Orange Juice,1
2025-09-15,Orange Juice,2
2025-09-16,Orange Juice,1
2025-09-17,Orange Juice,1
2025-09-18,Orange Juice,0
2025-09-19,Orange Juice,2
2025-09-20,Orange Juice,2
2025-09-21,Orange Juice,2
2025-09-22,Orange Juice,3
2025-09-23,Orange Juice,0
2025-09-24,Orange Juice,4
2025-09-25,Orange Juice,3
2025-09-26,Orange Juice,3
2025-09-27,Orange Juice,3
2025-09-28,Orange Juice,1
2025-09-29,Orange Juice,1
2025-09-30,Orange Juice,1
2025-10-01,Orange Juice,1
2025-10-02,Orange Juice,1
2025-10-03,Orange Juice,3
2025-10-04,Orange Juice,0
2025-10-05,Orange Juice,0
2025-10-06,Orange Juice,1
2025-10-07,Orange Juice,1
2025-10-08,Orange Juice,5
2025-10-09,Orange Juice,6
2025-10-10,Orange Juice,4
2025-10-11,Orange Juice,0
2025-10-12,Orange Juice,0
2025-10-13,Orange Juice,3
2025-10-14,Orange Juice,0
2025-10-15,Orange Juice,4
2025-10-16,Orange Juice,2
2025-10-17,Orange Juice,2
2025-10-18,Orange Juice,0
2025-10-19,Orange Juice,0
2025-10-20,Orange Juice,1
2025-10-21,Orange Juice,0
2025-10-22,Orange Juice,0
2025-10-23,Orange Juice,1
2025-10-24,Orange Juice,1
2025-10-25,Orange Juice,2
2025-10-26,Orange Juice,0
2025-10-27,Orange Juice,3
2025-10-28,Orange Juice,2
2025-10-29,Orange Juice,2
2025-10-30,Orange Juice,0
2025-10-31,Orange Juice,2
2025-11-01,Orange Juice,2
2025-11-02,Orange Juice,0
2025-11-03,Orange Juice,2
2025-11-04,Orange Juice,2
2025-11-05,Orange Juice,3
2025-11-06,Orange Juice,1
2025-11-07,Orange Juice,0
2025-11-08,Orange Juice,2
2025-11-09,Orange Juice,0
2025-11-10,Orange Juice,0
2025-11-11,Orange Juice,1
2025-11-12,Orange Juice,2
2025-11-13,Orange Juice,3
2025-11-14,Orange Juice,0
2025-11-15,Orange Juice,2
2025-11-16,Orange Juice,0
2025-11-17,Orange Juice,0
2025-11-18,Orange Juice,0
2025-11-19,Orange Juice,0
2025-11-20,Orange Juice,1
2025-11-21,Orange Juice,4
2025-11-22,Orange Juice,3
2025-11-23,Orange Juice,2
2025-11-24,Orange Juice,0
2025-11-25,Orange Juice,4
2025-11-26,Orange Juice,0
2025-11-27,Orange Juice,0
2025-11-28,Orange Juice,0
2025-11-29,Orange Juice,0
2025-11-30,Orange Juice,0
2025-12-01,Orange Juice,2
2025-12-02,Orange Juice,5
2025-12-03,Orange Juice,2
2025-12-04,Orange Juice,5
2025-12-05,Orange Juice,2
2025-12-06,Orange Juice,0
2025-12-07,Orange Juice,1
2025-12-08,Orange Juice,1
2025-12-09,Orange Juice,0
2025-12-10,Orange Juice,1
2025-12-11,Orange Juice,3
2025-12-12,Orange Juice,0
2025-12-13,Orange Juice,0
2025-12-14,Orange Juice,1
2025-12-15,Orange Juice,3
2025-12-16,Orange Juice,0
2025-12-17,Orange Juice,1
2025-12-18,Orange Juice,2
2025-12-19,Orange Juice,3
2025-12-20,Orange Juice,3
2025-12-21,Orange Juice,2
2025-12-22,Orange Juice,2
2025-12-23,Orange Juice,3
2025-12-24,Orange Juice,3
2025-12-25,Orange Juice,2
2025-12-26,Orange Juice,0
2025-12-27,Orange Juice,0
2025-12-28,Orange Juice,0
2025-12-29,Orange Juice,0
2025-12-30,Orange Juice,0
2025-12-31,Orange Juice,2
2025-01-01,Soda Can,22
2025-01-02,Soda Can,25
2025-01-03,Soda Can,17
2025-01-04,Soda Can,13
2025-01-05,Soda Can,12
2025-01-06,Soda Can,13
2025-01-07,Soda Can,9
2025-01-08,Soda Can,16
2025-01-09,Soda Can,7
2025-01-10,Soda Can,10
2025-01-11,Soda Can,5
2025-01-12,Soda Can,5
2025-01-13,Soda Can,4
2025-01-14,Soda Can,7
2025-01-15,Soda Can,2
2025-01-16,Soda Can,12
2025-01-17,Soda Can,0
2025-01-18,Soda Can,5
2025-01-19,Soda Can,9
2025-01-20,Soda Can,5
2025-01-21,Soda Can,4
2025-01-22,Soda Can,3
2025-01-23,Soda Can,6
2025-01-24,Soda Can,1
2025-01-25,Soda Can,0
2025-01-26,Soda Can,4
2025-01-27,Soda Can,0
2025-01-28,Soda Can,4
2025-01-29,Soda Can,0
2025-01-30,Soda Can,1
2025-01-31,Soda Can,1
2025-02-01,Soda Can,3
2025-02-02,Soda Can,0
2025-02-03,Soda Can,5
2025-02-04,Soda Can,0
2025-02-05,Soda Can,0
2025-02-06,Soda Can,1
2025-02-07,Soda Can,5
2025-02-08,Soda Can,2
2025-02-09,Soda Can,0
2025-02-10,Soda Can,2
2025-02-11,Soda Can,5
2025-02-12,Soda Can,3
2025-02-13,Soda Can,0
2025-02-14,Soda Can,0
2025-02-15,Soda Can,0
2025-02-16,Soda Can,3
2025-02-17,Soda Can,0
2025-02-18,Soda Can,1
2025-02-19,Soda Can,0
2025-02-20,Soda Can,3
2025-02-21,Soda Can,5
2025-02-22,Soda Can,1
2025-02-23,Soda Can,4
2025-02-24,Soda Can,2
2025-02-25,Soda Can,0
2025-02-26,Soda Can,3
2025-02-27,Soda Can,1
2025-02-28,Soda Can,3
2025-03-01,Soda Can,5
2025-03-02,Soda Can,0
2025-03-03,Soda Can,0
2025-03-04,Soda Can,0
2025-03-05,Soda Can,5
2025-03-06,Soda Can,0
2025-03-07,Soda Can,0
2025-03-08,Soda Can,1
2025-03-09,Soda Can,2
2025-03-10,Soda Can,2
2025-03-11,Soda Can,0
2025-03-12,Soda Can,1
2025-03-13,Soda Can,4
2025-03-14,Soda Can,0
2025-03-15,Soda Can,1
2025-03-16,Soda Can,0
2025-03-17,Soda Can,4
2025-03-18,Soda Can,0
2025-03-19,Soda Can,2
2025-03-20,Soda Can,2
2025-03-21,Soda Can,0
2025-03-22,Soda Can,1
2025-03-23,Soda Can,0
2025-03-24,Soda Can,0
2025-03-25,Soda Can,2
2025-03-26,Soda Can,1
2025-03-27,Soda Can,1
2025-03-28,Soda Can,2
2025-03-29,Soda Can,2
2025-03-30,Soda Can,0
2025-03-31,Soda Can,3
2025-04-01,Soda Can,0
2025-04-02,Soda Can,0
2025-04-03,Soda Can,1
2025-04-04,Soda Can,0
2025-04-05,Soda Can,0
2025-04-06,Soda Can,0
2025-04-07,Soda Can,0
2025-04-08,Soda Can,1
2025-04-09,Soda Can,0
2025-04-10,Soda Can,3
2025-04-11,Soda Can,0
2025-04-12,Soda Can,4
2025-04-13,Soda Can,4
2025-04-14,Soda Can,5
2025-04-15,Soda Can,1
2025-04-16,Soda Can,0
2025-04-17,Soda Can,0
2025-04-18,Soda Can,0
2025-04-19,Soda Can,2
2025-04-20,Soda Can,5
2025-04-21,Soda Can,0
2025-04-22,Soda Can,2
2025-04-23,Soda Can,0
2025-04-24,Soda Can,0
2025-04-25,Soda Can,3
2025-04-26,Soda Can,2
2025-04-27,Soda Can,0
2025-04-28,Soda Can,0
2025-04-29,Soda Can,0
2025-04-30,Soda Can,0
2025-05-01,Soda Can,3
2025-05-02,Soda Can,0
2025-05-03,Soda Can,6
2025-05-04,Soda Can,0
2025-05-05,Soda Can,4
2025-05-06,Soda Can,5
2025-05-07,Soda Can,0
2025-05-08,Soda Can,0
2025-05-09,Soda Can,0
2025-05-10,Soda Can,0
2025-05-11,Soda Can,2
2025-05-12,Soda Can,0
2025-05-13,Soda Can,4
2025-05-14,Soda Can,0
2025-05-15,Soda Can,0
2025-05-16,Soda Can,4
2025-05-17,Soda Can,3
2025-05-18,Soda Can,1
2025-05-19,Soda Can,0
2025-05-20,Soda Can,0
2025-05-21,Soda Can,0
2025-05-22,Soda Can,0
2025-05-23,Soda Can,3
2025-05-24,Soda Can,2
2025-05-25,Soda Can,1
2025-05-26,Soda Can,0
2025-05-27,Soda Can,2
2025-05-28,Soda Can,1
2025-05-29,Soda Can,3
2025-05-30,Soda Can,0
2025-05-31,Soda Can,3
2025-06-01,Soda Can,2
2025-06-02,Soda Can,4
2025-06-03,Soda Can,4
2025-06-04,Soda Can,4
2025-06-05,Soda Can,1
2025-06-06,Soda Can,1
2025-06-07,Soda Can,0
2025-06-08,Soda Can,0
2025-06-09,Soda Can,0
2025-06-10,Soda Can,1
2025-06-11,Soda Can,2
2025-06-12,Soda Can,2
2025-06-13,Soda Can,3
2025-06-14,Soda Can,2
2025-06-15,Soda Can,0
2025-06-16,Soda Can,0
2025-06-17,Soda Can,0
2025-06-18,Soda Can,3
2025-06-19,Soda Can,1
2025-06-20,Soda Can,2
2025-06-21,Soda Can,0
2025-06-22,Soda Can,0
2025-06-23,Soda Can,2
2025-06-24,Soda Can,2
2025-06-25,Soda Can,0
2025-06-26,Soda Can,4
2025-06-27,Soda Can,2
2025-06-28,Soda Can,2
2025-06-29,Soda Can,0
2025-06-30,Soda Can,2
2025-07-01,Soda Can,2
2025-07-02,Soda Can,2
2025-07-03,Soda Can,0
2025-07-04,Soda Can,1
2025-07-05,Soda Can,1
2025-07-06,Soda Can,0
2025-07-07,Soda Can,1
2025-07-08,Soda Can,1
2025-07-09,Soda Can,1
2025-07-10,Soda Can,3
2025-07-11,Soda Can,0
2025-07-12,Soda Can,0
2025-07-13,Soda Can,2
2025-07-14,Soda Can,0
2025-07-15,Soda Can,2
2025-07-16,Soda Can,0
2025-07-17,Soda Can,0
2025-07-18,Soda Can,2
2025-07-19,Soda Can,2
2025-07-20,Soda Can,4
2025-07-21,Soda Can,0
2025-07-22,Soda Can,3
2025-07-23,Soda Can,4
2025-07-24,Soda Can,1
2025-07-25,Soda Can,2
2025-07-26,Soda Can,2
2025-07-27,Soda Can,1
2025-07-28,Soda Can,0
2025-07-29,Soda Can,2
2025-07-30,Soda Can,4
2025-07-31,Soda Can,1
2025-08-01,Soda Can,3
2025-08-02,Soda Can,3
2025-08-03,Soda Can,0
2025-08-04,Soda Can,1
2025-08-05,Soda Can,1
2025-08-06,Soda Can,0
2025-08-07,Soda Can,3
2025-08-08,Soda Can,0
2025-08-09,Soda Can,0
2025-08-10,Soda Can,5
2025-08-11,Soda Can,6
2025-08-12,Soda Can,2
2025-08-13,Soda Can,2
2025-08-14,Soda Can,0
2025-08-15,Soda Can,1
2025-08-16,Soda Can,0
2025-08-17,Soda Can,1
2025-08-18,Soda Can,1
2025-08-19,Soda Can,0
2025-08-20,Soda Can,1
2025-08-21,Soda Can,2
2025-08-22,Soda Can,2
2025-08-23,Soda Can,0
2025-08-24,Soda Can,3
2025-08-25,Soda Can,2
2025-08-26,Soda Can,0
2025-08-27,Soda Can,2
2025-08-28,Soda Can,0
2025-08-29,Soda Can,1
2025-08-30,Soda Can,4
2025-08-31,Soda Can,0
2025-09-01,Soda Can,0
2025-09-02,Soda Can,0
2025-09-03,Soda Can,1
2025-09-04,Soda Can,2
2025-09-05,Soda Can,0
2025-09-06,Soda Can,0
2025-09-07,Soda Can,2
2025-09-08,Soda Can,0
2025-09-09,Soda Can,4
2025-09-10,Soda Can,0
2025-09-11,Soda Can,0
2025-09-12,Soda Can,1
2025-09-13,Soda Can,0
2025-09-14,Soda Can,0
2025-09-15,Soda Can,1
2025-09-16,Soda Can,0
2025-09-17,Soda Can,1
2025-09-18,Soda Can,3
2025-09-19,Soda Can,0
2025-09-20,Soda Can,4
2025-09-21,Soda Can,0
2025-09-22,Soda Can,2
2025-09-23,Soda Can,0
2025-09-24,Soda Can,2
2025-09-25,Soda Can,1
2025-09-26,Soda Can,0
2025-09-27,Soda Can,2
2025-09-28,Soda Can,1
2025-09-29,Soda Can,1
2025-09-30,Soda Can,0
2025-10-01,Soda Can,0
2025-10-02,Soda Can,3
2025-10-03,Soda Can,1
2025-10-04,Soda Can,2
2025-10-05,Soda Can,2
2025-10-06,Soda Can,0
2025-10-07,Soda Can,0
2025-10-08,Soda Can,0
2025-10-09,Soda Can,0
2025-10-10,Soda Can,0
2025-10-11,Soda Can,1
2025-10-12,Soda Can,2
2025-10-13,Soda Can,2
2025-10-14,Soda Can,0
2025-10-15,Soda Can,2
2025-10-16,Soda Can,2
2025-10-17,Soda Can,0
2025-10-18,Soda Can,0
2025-10-19,Soda Can,0
2025-10-20,Soda Can,0
2025-10-21,Soda Can,0
2025-10-22,Soda Can,0
2025-10-23,Soda Can,6
2025-10-24,Soda Can,2
2025-10-25,Soda Can,0
2025-10-26,Soda Can,2
2025-10-27,Soda Can,2
2025-10-28,Soda Can,2
2025-10-29,Soda Can,0
2025-10-30,Soda Can,2
2025-10-31,Soda Can,3
2025-11-01,Soda Can,0
2025-11-02,Soda Can,0
2025-11-03,Soda Can,2
2025-11-04,Soda Can,0
2025-11-05,Soda Can,3
2025-11-06,Soda Can,2
2025-11-07,Soda Can,1
2025-11-08,Soda Can,1
2025-11-09,Soda Can,1
2025-11-10,Soda Can,0
2025-11-11,Soda Can,2
2025-11-12,Soda Can,4
2025-11-13,Soda Can,3
2025-11-14,Soda Can,3
2025-11-15,Soda Can,0
2025-11-16,Soda Can,0
2025-11-17,Soda Can,3
2025-11-18,Soda Can,0
2025-11-19,Soda Can,4
2025-11-20,Soda Can,2
2025-11-21,Soda Can,2
2025-11-22,Soda Can,0
2025-11-23,Soda Can,0
2025-11-24,Soda Can,1
2025-11-25,Soda Can,1
2025-11-26,Soda Can,2
2025-11-27,Soda Can,0
2025-11-28,Soda Can,0
2025-11-29,Soda Can,1
2025-11-30,Soda Can,0
2025-12-01,Soda Can,4
2025-12-02,Soda Can,2
2025-12-03,Soda Can,3
2025-12-04,Soda Can,2
2025-12-05,Soda Can,0
2025-12-06,Soda Can,0
2025-12-07,Soda Can,0
2025-12-08,Soda Can,2
2025-12-09,Soda Can,1
2025-12-10,Soda Can,0
2025-12-11,Soda Can,1
2025-12-12,Soda Can,0
2025-12-13,Soda Can,1
2025-12-14,Soda Can,0
2025-12-15,Soda Can,0
2025-12-16,Soda Can,1
2025-12-17,Soda Can,0
2025-12-18,Soda Can,3
2025-12-19,Soda Can,4
2025-12-20,Soda Can,3
2025-12-21,Soda Can,2
2025-12-22,Soda Can,2
2025-12-23,Soda Can,2
2025-12-24,Soda Can,3
2025-12-25,Soda Can,0
2025-12-26,Soda Can,3
2025-12-27,Soda Can,3
2025-12-28,Soda Can,2
2025-12-29,Soda Can,0
2025-12-30,Soda Can,2
2025-12-31,Soda Can,2
2025-01-01,Chocolate Bar,33
2025-01-02,Chocolate Bar,31
2025-01-03,Chocolate Bar,19
2025-01-04,Chocolate Bar,28
2025-01-05,Chocolate Bar,18
2025-01-06,Chocolate Bar,18
2025-01-07,Chocolate Bar,23
2025-01-08,Chocolate Bar,16
2025-01-09,Chocolate Bar,9
2025-01-10,Chocolate Bar,7
2025-01-11,Chocolate Bar,11
2025-01-12,Chocolate Bar,12
2025-01-13,Chocolate Bar,10
2025-01-14,Chocolate Bar,10
2025-01-15,Chocolate Bar,7
2025-01-16,Chocolate Bar,7
2025-01-17,Chocolate Bar,2
2025-01-18,Chocolate Bar,4
2025-01-19,Chocolate Bar,3
2025-01-20,Chocolate Bar,5
2025-01-21,Chocolate Bar,3
2025-01-22,Chocolate Bar,5
2025-01-23,Chocolate Bar,1
2025-01-24,Chocolate Bar,1
2025-01-25,Chocolate Bar,2
2025-01-26,Chocolate Bar,6
2025-01-27,Chocolate Bar,4
2025-01-28,Chocolate Bar,0
2025-01-29,Chocolate Bar,0
2025-01-30,Chocolate Bar,1
2025-01-31,Chocolate Bar,3
2025-02-01,Chocolate Bar,5
2025-02-02,Chocolate Bar,1
2025-02-03,Chocolate Bar,0
2025-02-04,Chocolate Bar,1
2025-02-05,Chocolate Bar,0
2025-02-06,Chocolate Bar,1
2025-02-07,Chocolate Bar,0
2025-02-08,Chocolate Bar,1
2025-02-09,Chocolate Bar,0
2025-02-10,Chocolate Bar,1
2025-02-11,Chocolate Bar,2
2025-02-12,Chocolate Bar,0
2025-02-13,Chocolate Bar,0
2025-02-14,Chocolate Bar,0
2025-02-15,Chocolate Bar,2
2025-02-16,Chocolate Bar,0
2025-02-17,Chocolate Bar,0
2025-02-18,Chocolate Bar,0
2025-02-19,Chocolate Bar,1
2025-02-20,Chocolate Bar,2
2025-02-21,Chocolate Bar,2
2025-02-22,Chocolate Bar,0
2025-02-23,Chocolate Bar,0
2025-02-24,Chocolate Bar,0
2025-02-25,Chocolate Bar,0
2025-02-26,Chocolate Bar,0
2025-02-27,Chocolate Bar,4
2025-02-28,Chocolate Bar,1
2025-03-01,Chocolate Bar,3
2025-03-02,Chocolate Bar,3
2025-03-03,Chocolate Bar,4
2025-03-04,Chocolate Bar,3
2025-03-05,Chocolate Bar,2
2025-03-06,Chocolate Bar,0
2025-03-07,Chocolate Bar,2
2025-03-08,Chocolate Bar,2
2025-03-09,Chocolate Bar,1
2025-03-10,Chocolate Bar,1
2025-03-11,Chocolate Bar,1
2025-03-12,Chocolate Bar,0
2025-03-13,Chocolate Bar,0
2025-03-14,Chocolate Bar,2
2025-03-15,Chocolate Bar,0
2025-03-16,Chocolate Bar,1
2025-03-17,Chocolate Bar,0
2025-03-18,Chocolate Bar,0
2025-03-19,Chocolate Bar,1
2025-03-20,Chocolate Bar,0
2025-03-21,Chocolate Bar,2
2025-03-22,Chocolate Bar,1
2025-03-23,Chocolate Bar,0
2025-03-24,Chocolate Bar,2
2025-03-25,Chocolate Bar,1
2025-03-26,Chocolate Bar,0
2025-03-27,Chocolate Bar,2
2025-03-28,Chocolate Bar,0
2025-03-29,Chocolate Bar,2
2025-03-30,Chocolate Bar,3
2025-03-31,Chocolate Bar,0
2025-04-01,Chocolate Bar,0
2025-04-02,Chocolate Bar,0
2025-04-03,Chocolate Bar,0
2025-04-04,Chocolate Bar,0
2025-04-05,Chocolate Bar,0
2025-04-06,Chocolate Bar,2
2025-04-07,Chocolate Bar,0
2025-04-08,Chocolate Bar,1
2025-04-09,Chocolate Bar,0
2025-04-10,Chocolate Bar,2
2025-04-11,Chocolate Bar,0
2025-04-12,Chocolate Bar,0
2025-04-13,Chocolate Bar,3
2025-04-14,Chocolate Bar,0
2025-04-15,Chocolate Bar,3
2025-04-16,Chocolate Bar,0
2025-04-17,Chocolate Bar,1
2025-04-18,Chocolate Bar,0
2025-04-19,Chocolate Bar,1
2025-04-20,Chocolate Bar,2
2025-04-21,Chocolate Bar,2
2025-04-22,Chocolate Bar,0
2025-04-23,Chocolate Bar,0
2025-04-24,Chocolate Bar,0
2025-04-25,Chocolate Bar,1
2025-04-26,Chocolate Bar,1
2025-04-27,Chocolate Bar,3
2025-04-28,Chocolate Bar,2
2025-04-29,Chocolate Bar,0
2025-04-30,Chocolate Bar,1
2025-05-01,Chocolate Bar,0
2025-05-02,Chocolate Bar,2
2025-05-03,Chocolate Bar,0
2025-05-04,Chocolate Bar,1
2025-05-05,Chocolate Bar,0
2025-05-06,Chocolate Bar,2
2025-05-07,Chocolate Bar,0
2025-05-08,Chocolate Bar,2
2025-05-09,Chocolate Bar,2
2025-05-10,Chocolate Bar,0
2025-05-11,Chocolate Bar,3
2025-05-12,Chocolate Bar,4
2025-05-13,Chocolate Bar,2
2025-05-14,Chocolate Bar,0
2025-05-15,Chocolate Bar,0
2025-05-16,Chocolate Bar,0
2025-05-17,Chocolate Bar,0
2025-05-18,Chocolate Bar,4
2025-05-19,Chocolate Bar,2
2025-05-20,Chocolate Bar,0
2025-05-21,Chocolate Bar,2
2025-05-22,Chocolate Bar,0
2025-05-23,Chocolate Bar,1
2025-05-24,Chocolate Bar,2
2025-05-25,Chocolate Bar,1
2025-05-26,Chocolate Bar,0
2025-05-27,Chocolate Bar,0
2025-05-28,Chocolate Bar,0
2025-05-29,Chocolate Bar,1
2025-05-30,Chocolate Bar,1
2025-05-31,Chocolate Bar,2
2025-06-01,Chocolate Bar,0
2025-06-02,Chocolate Bar,0
2025-06-03,Chocolate Bar,0
2025-06-04,Chocolate Bar,4
2025-06-05,Chocolate Bar,5
2025-06-06,Chocolate Bar,0
2025-06-07,Chocolate Bar,4
2025-06-08,Chocolate Bar,1
2025-06-09,Chocolate Bar,0
2025-06-10,Chocolate Bar,4
2025-06-11,Chocolate Bar,2
2025-06-12,Chocolate Bar,0
2025-06-13,Chocolate Bar,2
2025-06-14,Chocolate Bar,2
2025-06-15,Chocolate Bar,0
2025-06-16,Chocolate Bar,0
2025-06-17,Chocolate Bar,1
2025-06-18,Chocolate Bar,0
2025-06-19,Chocolate Bar,0
2025-06-20,Chocolate Bar,0
2025-06-21,Chocolate Bar,1
2025-06-22,Chocolate Bar,2
2025-06-23,Chocolate Bar,1
2025-06-24,Chocolate Bar,2
2025-06-25,Chocolate Bar,4
2025-06-26,Chocolate Bar,0
2025-06-27,Chocolate Bar,0
2025-06-28,Chocolate Bar,0
2025-06-29,Chocolate Bar,0
2025-06-30,Chocolate Bar,3
2025-07-01,Chocolate Bar,2
2025-07-02,Chocolate Bar,2
2025-07-03,Chocolate Bar,0
2025-07-04,Chocolate Bar,2
2025-07-05,Chocolate Bar,0
2025-07-06,Chocolate Bar,3
2025-07-07,Chocolate Bar,0
2025-07-08,Chocolate Bar,0
2025-07-09,Chocolate Bar,3
2025-07-10,Chocolate Bar,0
2025-07-11,Chocolate Bar,0
2025-07-12,Chocolate Bar,2
2025-07-13,Chocolate Bar,0
2025-07-14,Chocolate Bar,2
2025-07-15,Chocolate Bar,4
2025-07-16,Chocolate Bar,1
2025-07-17,Chocolate Bar,4
2025-07-18,Chocolate Bar,1
2025-07-19,Chocolate Bar,0
2025-07-20,Chocolate Bar,2
2025-07-21,Chocolate Bar,0
2025-07-22,Chocolate Bar,0
2025-07-23,Chocolate Bar,2
2025-07-24,Chocolate Bar,0
2025-07-25,Chocolate Bar,4
2025-07-26,Chocolate Bar,0
2025-07-27,Chocolate Bar,0
2025-07-28,Chocolate Bar,1
2025-07-29,Chocolate Bar,3
2025-07-30,Chocolate Bar,1
2025-07-31,Chocolate Bar,0
2025-08-01,Chocolate Bar,0
2025-08-02,Chocolate Bar,0
2025-08-03,Chocolate Bar,0
2025-08-04,Chocolate Bar,1
2025-08-05,Chocolate Bar,2
2025-08-06,Chocolate Bar,1
2025-08-07,Chocolate Bar,1
2025-08-08,Chocolate Bar,4
2025-08-09,Chocolate Bar,1
2025-08-10,Chocolate Bar,0
2025-08-11,Chocolate Bar,3
2025-08-12,Chocolate Bar,0
2025-08-13,Chocolate Bar,1
2025-08-14,Chocolate Bar,1
2025-08-15,Chocolate Bar,0
2025-08-16,Chocolate Bar,0
2025-08-17,Chocolate Bar,0
2025-08-18,Chocolate Bar,0
2025-08-19,Chocolate Bar,2
2025-08-20,Chocolate Bar,2
2025-08-21,Chocolate Bar,3
2025-08-22,Chocolate Bar,2
2025-08-23,Chocolate Bar,0
2025-08-24,Chocolate Bar,1
2025-08-25,Chocolate Bar,1
2025-08-26,Chocolate Bar,0
2025-08-27,Chocolate Bar,0
2025-08-28,Chocolate Bar,0
2025-08-29,Chocolate Bar,1
2025-08-30,Chocolate Bar,1
2025-08-31,Chocolate Bar,1
2025-09-01,Chocolate Bar,0
2025-09-02,Chocolate Bar,3
2025-09-03,Chocolate Bar,0
2025-09-04,Chocolate Bar,1
2025-09-05,Chocolate Bar,2
2025-09-06,Chocolate Bar,3
2025-09-07,Chocolate Bar,0
2025-09-08,Chocolate Bar,1
2025-09-09,Chocolate Bar,0
2025-09-10,Chocolate Bar,2
2025-09-11,Chocolate Bar,4
2025-09-12,Chocolate Bar,0
2025-09-13,Chocolate Bar,2
2025-09-14,Chocolate Bar,0
2025-09-15,Chocolate Bar,1
2025-09-16,Chocolate Bar,1
2025-09-17,Chocolate Bar,1
2025-09-18,Chocolate Bar,1
2025-09-19,Chocolate Bar,0
2025-09-20,Chocolate Bar,0
2025-09-21,Chocolate Bar,3
2025-09-22,Chocolate Bar,6
2025-09-23,Chocolate Bar,2
2025-09-24,Chocolate Bar,0
2025-09-25,Chocolate Bar,2
2025-09-26,Chocolate Bar,0
2025-09-27,Chocolate Bar,1
2025-09-28,Chocolate Bar,0
2025-09-29,Chocolate Bar,0
2025-09-30,Chocolate Bar,2
2025-10-01,Chocolate Bar,0
2025-10-02,Chocolate Bar,0
2025-10-03,Chocolate Bar,1
2025-10-04,Chocolate Bar,1
2025-10-05,Chocolate Bar,2
2025-10-06,Chocolate Bar,1
2025-10-07,Chocolate Bar,0
2025-10-08,Chocolate Bar,0
2025-10-09,Chocolate Bar,0
2025-10-10,Chocolate Bar,3
2025-10-11,Chocolate Bar,1
2025-10-12,Chocolate Bar,2
2025-10-13,Chocolate Bar,0
2025-10-14,Chocolate Bar,3
2025-10-15,Chocolate Bar,2
2025-10-16,Chocolate Bar,1
2025-10-17,Chocolate Bar,1
2025-10-18,Chocolate Bar,0
2025-10-19,Chocolate Bar,1
2025-10-20,Chocolate Bar,0
2025-10-21,Chocolate Bar,0
2025-10-22,Chocolate Bar,0
2025-10-23,Chocolate Bar,1
2025-10-24,Chocolate Bar,3
2025-10-25,Chocolate Bar,0
2025-10-26,Chocolate Bar,0
2025-10-27,Chocolate Bar,0
2025-10-28,Chocolate Bar,2
2025-10-29,Chocolate Bar,0
2025-10-30,Chocolate Bar,0
2025-10-31,Chocolate Bar,1
2025-11-01,Chocolate Bar,3
2025-11-02,Chocolate Bar,2
2025-11-03,Chocolate Bar,0
2025-11-04,Chocolate Bar,4
2025-11-05,Chocolate Bar,0
2025-11-06,Chocolate Bar,0
2025-11-07,Chocolate Bar,3
2025-11-08,Chocolate Bar,2
2025-11-09,Chocolate Bar,2
2025-11-10,Chocolate Bar,1
2025-11-11,Chocolate Bar,2
2025-11-12,Chocolate Bar,4
2025-11-13,Chocolate Bar,0
2025-11-14,Chocolate Bar,0
2025-11-15,Chocolate Bar,4
2025-11-16,Chocolate Bar,4
2025-11-17,Chocolate Bar,0
2025-11-18,Chocolate Bar,3
2025-11-19,Chocolate Bar,1
2025-11-20,Chocolate Bar,3
2025-11-21,Chocolate Bar,3
2025-11-22,Chocolate Bar,2
2025-11-23,Chocolate Bar,2
2025-11-24,Chocolate Bar,0
2025-11-25,Chocolate Bar,1
2025-11-26,Chocolate Bar,3
2025-11-27,Chocolate Bar,1
2025-11-28,Chocolate Bar,0
2025-11-29,Chocolate Bar,2
2025-11-30,Chocolate Bar,0
2025-12-01,Chocolate Bar,0
2025-12-02,Chocolate Bar,0
2025-12-03,Chocolate Bar,0
2025-12-04,Chocolate Bar,0
2025-12-05,Chocolate Bar,1
2025-12-06,Chocolate Bar,1
2025-12-07,Chocolate Bar,0
2025-12-08,Chocolate Bar,0
2025-12-09,Chocolate Bar,3
2025-12-10,Chocolate Bar,1
2025-12-11,Chocolate Bar,0
2025-12-12,Chocolate Bar,1
2025-12-13,Chocolate Bar,0
2025-12-14,Chocolate Bar,0
2025-12-15,Chocolate Bar,4
2025-12-16,Chocolate Bar,2
2025-12-17,Chocolate Bar,0
2025-12-18,Chocolate Bar,0
2025-12-19,Chocolate Bar,0
2025-12-20,Chocolate Bar,1
2025-12-21,Chocolate Bar,1
2025-12-22,Chocolate Bar,1
2025-12-23,Chocolate Bar,4
2025-12-24,Chocolate Bar,3
2025-12-25,Chocolate Bar,1
2025-12-26,Chocolate Bar,0
2025-12-27,Chocolate Bar,3
2025-12-28,Chocolate Bar,1
2025-12-29,Chocolate Bar,1
2025-12-30,Chocolate Bar,2
2025-12-31,Chocolate Bar,0
