Supplier_ID,Supplier_Name,Lead_Time_Days,Vendor_Rating,Contact_Email
43-348-2450,Eimbee,9,5.0,eimbee@vendor.com
04-854-7165,Digitube,6,4.2,digitube@vendor.com
82-995-0739,BlogXS,13,3.5,blogxs@vendor.com
22-867-3079,Avaveo,10,3.2,avaveo@vendor.com
24-281-7685,Katz,7,3.3,katz@vendor.com
75-849-4524,Yata,9,3.5,yata@vendor.com
23-274-3305,Lazz,12,3.3,lazz@vendor.com
00-900-0119,Zoonder,5,3.4,zoonder@vendor.com
96-353-3049,Oozz,9,3.6,oozz@vendor.com
31-524-1628,Jaxnation,13,3.3,jaxnation@vendor.com
93-877-9384,Gabcube,13,4.8,gabcube@vendor.com
54-919-9424,Dabtype,10,3.2,dabtype@vendor.com
02-656-3112,Flashdog,7,4.0,flashdog@vendor.com
91-589-9007,Devshare,6,3.8,devshare@vendor.com
55-838-9088,Cogilith,10,5.0,cogilith@vendor.com
25-706-2146,Roodel,10,3.2,roodel@vendor.com
06-151-9076,Bluezoom,5,3.8,bluezoom@vendor.com
05-719-6858,Skimia,8,4.9,skimia@vendor.com
11-742-5033,Blogpad,7,4.7,blogpad@vendor.com
43-979-2253,Dabjam,4,4.6,dabjam@vendor.com
54-470-2479,Feedmix,10,3.5,feedmix@vendor.com
26-061-5253,Trupe,14,3.3,trupe@vendor.com
47-509-7282,Meevee,8,4.3,meevee@vendor.com
49-384-4540,Blogpad,4,4.9,blogpad@vendor.com
36-451-3173,Topicware,14,4.1,topicware@vendor.com
42-201-4495,Plajo,7,4.1,plajo@vendor.com
67-404-3362,Skyndu,3,3.6,skyndu@vendor.com
33-466-7894,Yotz,14,4.5,yotz@vendor.com
68-230-9130,Vinder,12,3.4,vinder@vendor.com
43-575-2151,Geba,8,3.6,geba@vendor.com
80-328-4990,Dazzlesphere,14,3.9,dazzlesphere@vendor.com
87-032-6971,Kanoodle,11,4.0,kanoodle@vendor.com
41-825-5869,Eimbee,3,3.5,eimbee@vendor.com
16-019-7101,Centimia,13,3.2,centimia@vendor.com
56-823-5908,Livefish,13,4.2,livefish@vendor.com
65-620-9866,Quatz,12,3.6,quatz@vendor.com
99-864-0256,Rhyloo,14,4.2,rhyloo@vendor.com
71-092-6845,Shuffledrive,14,3.3,shuffledrive@vendor.com
29-567-3732,Skyvu,5,4.0,skyvu@vendor.com
49-247-1217,Lazz,14,4.1,lazz@vendor.com
35-462-7569,Devpulse,9,3.1,devpulse@vendor.com
58-087-3463,Yodo,6,3.7,yodo@vendor.com
82-525-7224,Skipstorm,11,3.3,skipstorm@vendor.com
19-418-7213,Camido,5,3.1,camido@vendor.com
95-715-6047,Dabtype,7,5.0,dabtype@vendor.com
70-463-6597,Fadeo,5,3.6,fadeo@vendor.com
35-042-9391,Rhynyx,9,4.6,rhynyx@vendor.com
48-176-1622,Skinix,7,3.5,skinix@vendor.com
25-741-5987,Tagopia,11,4.4,tagopia@vendor.com
41-772-9238,Realmix,9,4.5,realmix@vendor.com
70-212-0990,Gigaclub,4,4.2,gigaclub@vendor.com
47-687-2255,Katz,6,3.9,katz@vendor.com
59-570-2020,Brainverse,11,3.8,brainverse@vendor.com
86-841-6074,Skyba,14,3.7,skyba@vendor.com
79-915-4185,Brainverse,4,4.9,brainverse@vendor.com
28-837-4164,Blogtag,12,4.7,blogtag@vendor.com
37-686-1726,Oba,11,4.9,oba@vendor.com
33-818-4917,Oyondu,12,3.2,oyondu@vendor.com
13-475-1009,Eayo,7,4.5,eayo@vendor.com
20-257-6927,Avamba,4,4.9,avamba@vendor.com
82-470-7146,Mybuzz,6,3.4,mybuzz@vendor.com
58-213-1146,Twitterwire,14,3.1,twitterwire@vendor.com
54-226-4308,Topicstorm,14,4.5,topicstorm@vendor.com
40-914-7156,Katz,9,4.1,katz@vendor.com
54-031-2945,Vinder,14,4.7,vinder@vendor.com
56-231-2524,Wordpedia,10,3.3,wordpedia@vendor.com
89-574-3430,Kayveo,5,4.6,kayveo@vendor.com
29-156-0691,Meeveo,3,3.4,meeveo@vendor.com
05-100-7102,Npath,6,3.3,npath@vendor.com
62-766-8232,Riffpedia,4,3.3,riffpedia@vendor.com
96-215-2767,Lajo,10,4.6,lajo@vendor.com
37-099-6976,Vinte,6,4.3,vinte@vendor.com
40-436-0171,Gevee,4,4.0,gevee@vendor.com
86-292-4587,Dabjam,8,3.7,dabjam@vendor.com
18-682-7828,Wordify,8,4.8,wordify@vendor.com
29-143-2001,Aibox,12,3.8,aibox@vendor.com
81-927-7236,Yakitri,6,4.6,yakitri@vendor.com
84-941-3034,Mybuzz,8,3.9,mybuzz@vendor.com
11-445-3951,Quinu,4,3.8,quinu@vendor.com
49-608-3851,Thoughtmix,12,3.9,thoughtmix@vendor.com
46-041-1131,Photofeed,14,3.6,photofeed@vendor.com
53-247-1844,Centimia,4,4.5,centimia@vendor.com
36-780-8625,Mydo,12,4.0,mydo@vendor.com
10-038-3988,Edgeify,6,3.5,edgeify@vendor.com
72-024-1595,Quinu,10,4.8,quinu@vendor.com
10-762-7936,Katz,9,3.8,katz@vendor.com
89-843-0880,Meemm,14,4.1,meemm@vendor.com
87-546-9674,Dynabox,11,4.8,dynabox@vendor.com
75-406-6250,Wikizz,10,4.2,wikizz@vendor.com
40-817-2222,Youfeed,7,3.2,youfeed@vendor.com
97-155-1262,Katz,4,4.9,katz@vendor.com
19-978-0708,Oloo,7,4.3,oloo@vendor.com
67-541-7091,Trudoo,10,3.7,trudoo@vendor.com
85-473-1534,Topdrive,12,3.3,topdrive@vendor.com
17-494-5505,Dabjam,11,4.6,dabjam@vendor.com
07-948-8632,Trunyx,14,4.2,trunyx@vendor.com
64-800-4141,BlogXS,14,4.1,blogxs@vendor.com
32-182-1895,Thoughtstorm,14,4.8,thoughtstorm@vendor.com
78-726-6352,Youfeed,11,4.6,youfeed@vendor.com
49-591-1019,JumpXS,3,3.3,jumpxs@vendor.com
75-190-3627,Voomm,11,3.6,voomm@vendor.com
89-048-3542,Chatterbridge,9,3.5,chatterbridge@vendor.com
57-133-8386,Skinte,11,4.5,skinte@vendor.com
61-424-7670,Yabox,10,3.1,yabox@vendor.com
03-117-6217,Yakijo,3,4.1,yakijo@vendor.com
66-883-2383,Bubblebox,14,4.5,bubblebox@vendor.com
44-760-4337,Jatri,10,4.8,jatri@vendor.com
44-646-7502,Kare,10,3.7,kare@vendor.com
91-492-8216,Midel,13,4.6,midel@vendor.com
56-965-0404,Brightbean,5,3.2,brightbean@vendor.com
94-261-1193,Browseblab,3,4.7,browseblab@vendor.com
57-774-4116,Tagcat,10,3.3,tagcat@vendor.com
88-615-2915,Flashspan,5,3.8,flashspan@vendor.com
94-903-2643,Devcast,5,4.6,devcast@vendor.com
70-591-9841,Livepath,3,3.3,livepath@vendor.com
69-378-2045,Brainlounge,13,3.5,brainlounge@vendor.com
42-210-6541,Gabvine,7,4.4,gabvine@vendor.com
39-488-0039,Viva,12,4.4,viva@vendor.com
64-528-9996,Realmix,9,4.3,realmix@vendor.com
66-832-1802,Browsetype,12,4.4,browsetype@vendor.com
31-676-5646,Skyndu,11,4.1,skyndu@vendor.com
83-780-4531,Fivebridge,14,3.5,fivebridge@vendor.com
57-202-5756,Dazzlesphere,9,3.7,dazzlesphere@vendor.com
83-076-5024,Photobean,11,3.4,photobean@vendor.com
69-933-2582,Realpoint,10,4.8,realpoint@vendor.com
07-809-0926,Pixonyx,14,4.2,pixonyx@vendor.com
16-776-9987,Gevee,4,3.8,gevee@vendor.com
45-471-5053,Blogtags,3,3.9,blogtags@vendor.com
89-976-4338,Zoombox,9,4.9,zoombox@vendor.com
90-453-4096,Realmix,9,3.3,realmix@vendor.com
86-441-7850,Skalith,10,4.2,skalith@vendor.com
12-566-2563,Twitterwire,7,4.0,twitterwire@vendor.com
11-466-3182,Demivee,5,4.2,demivee@vendor.com
17-123-1252,Jetwire,14,3.0,jetwire@vendor.com
06-708-1412,Skinte,10,4.7,skinte@vendor.com
96-551-3929,Devbug,8,4.9,devbug@vendor.com
25-790-1641,Kwimbee,13,4.1,kwimbee@vendor.com
70-515-9048,Voonyx,5,4.4,voonyx@vendor.com
88-108-3774,Gigashots,3,4.8,gigashots@vendor.com
52-012-3409,Skinix,5,4.4,skinix@vendor.com
21-450-5520,Digitube,7,3.3,digitube@vendor.com
41-881-1166,Rhyloo,5,4.2,rhyloo@vendor.com
93-699-8001,Skalith,3,4.2,skalith@vendor.com
11-005-7835,Podcat,7,3.8,podcat@vendor.com
66-684-1941,Wordware,12,4.5,wordware@vendor.com
78-381-5054,Zooveo,9,4.9,zooveo@vendor.com
57-633-6273,Vimbo,9,4.9,vimbo@vendor.com
24-568-9517,Kwimbee,13,3.9,kwimbee@vendor.com
91-788-3177,Feedfire,11,3.2,feedfire@vendor.com
32-386-9832,Bluejam,12,5.0,bluejam@vendor.com
70-453-8646,Demimbu,12,4.7,demimbu@vendor.com
00-680-5333,Kamba,14,3.2,kamba@vendor.com
77-842-0920,Quire,5,4.8,quire@vendor.com
57-473-8672,Shuffledrive,9,4.7,shuffledrive@vendor.com
88-428-6227,Photobean,3,4.0,photobean@vendor.com
81-588-5701,Thoughtmix,6,4.2,thoughtmix@vendor.com
88-418-3855,Jatri,6,3.8,jatri@vendor.com
78-092-4768,Pixonyx,7,3.1,pixonyx@vendor.com
52-062-2916,Kanoodle,9,3.7,kanoodle@vendor.com
55-773-9118,Ozu,9,4.6,ozu@vendor.com
79-704-1471,Avamm,13,3.0,avamm@vendor.com
60-038-7810,Roomm,6,3.7,roomm@vendor.com
95-944-5323,Browsetype,9,3.8,browsetype@vendor.com
06-286-2758,Kwimbee,13,4.1,kwimbee@vendor.com
98-107-0604,Wikido,5,4.8,wikido@vendor.com
58-827-9061,Youfeed,8,3.7,youfeed@vendor.com
30-853-8580,Wikibox,14,3.7,wikibox@vendor.com
17-546-8875,Meejo,4,4.5,meejo@vendor.com
63-924-5144,Omba,12,3.9,omba@vendor.com
41-644-3129,Wordtune,11,3.4,wordtune@vendor.com
28-442-2578,Riffwire,7,3.9,riffwire@vendor.com
07-520-1107,Devshare,8,3.3,devshare@vendor.com
01-431-7544,Yodoo,14,3.4,yodoo@vendor.com
63-836-1262,Talane,14,4.0,talane@vendor.com
34-738-1209,Photobug,14,3.8,photobug@vendor.com
91-127-7174,Dabshots,14,4.8,dabshots@vendor.com
59-968-8346,Katz,6,3.7,katz@vendor.com
08-824-4585,Viva,13,4.2,viva@vendor.com
82-737-6019,Devshare,12,4.3,devshare@vendor.com
24-603-5521,Quinu,9,3.0,quinu@vendor.com
90-447-5123,Trunyx,14,4.3,trunyx@vendor.com
85-594-2570,Topdrive,11,3.4,topdrive@vendor.com
53-799-3174,Mybuzz,9,4.9,mybuzz@vendor.com
27-996-8883,Skippad,3,3.3,skippad@vendor.com
82-157-4299,Jabbersphere,3,3.8,jabbersphere@vendor.com
34-315-1199,Youbridge,11,3.2,youbridge@vendor.com
26-213-7885,Photofeed,13,5.0,photofeed@vendor.com
43-880-2879,Quatz,11,4.0,quatz@vendor.com
65-403-0311,Feedmix,6,4.2,feedmix@vendor.com
69-928-4929,Bubblemix,11,3.1,bubblemix@vendor.com
81-694-0300,Topicware,5,4.5,topicware@vendor.com
49-559-7092,Shuffledrive,9,3.4,shuffledrive@vendor.com
22-307-4653,Photobug,8,4.8,photobug@vendor.com
42-080-6579,Wordtune,10,3.4,wordtune@vendor.com
41-399-9203,Reallinks,13,3.4,reallinks@vendor.com
14-713-5795,Youfeed,11,3.1,youfeed@vendor.com
05-779-0378,Wordware,7,3.9,wordware@vendor.com
22-506-4911,Oloo,3,4.1,oloo@vendor.com
61-382-5182,Blogpad,5,3.1,blogpad@vendor.com
82-235-9317,Meeveo,12,4.6,meeveo@vendor.com
30-438-6295,InnoZ,14,3.9,innoz@vendor.com
38-790-7081,Skinix,10,4.0,skinix@vendor.com
77-471-0792,Tekfly,13,3.9,tekfly@vendor.com
83-104-8425,Voomm,8,3.8,voomm@vendor.com
82-930-7733,Miboo,10,4.1,miboo@vendor.com
54-188-1006,Mydeo,11,3.3,mydeo@vendor.com
80-863-1186,Riffwire,6,3.4,riffwire@vendor.com
86-879-7811,Zoomzone,3,4.7,zoomzone@vendor.com
30-605-2164,Tagcat,3,4.9,tagcat@vendor.com
81-276-8218,Jaxworks,12,3.7,jaxworks@vendor.com
48-884-5431,Feedbug,6,3.5,feedbug@vendor.com
59-629-0798,Chatterpoint,14,4.3,chatterpoint@vendor.com
49-762-8263,Skibox,9,3.8,skibox@vendor.com
63-492-7603,Brightbean,4,3.1,brightbean@vendor.com
73-069-2753,Skipstorm,5,3.3,skipstorm@vendor.com
93-180-4005,Flipopia,3,4.4,flipopia@vendor.com
64-396-5538,Skidoo,7,4.3,skidoo@vendor.com
47-831-9154,Trunyx,3,3.1,trunyx@vendor.com
28-461-1136,Youopia,10,3.4,youopia@vendor.com
39-284-1614,Eimbee,3,3.5,eimbee@vendor.com
28-575-0716,Chatterbridge,13,4.3,chatterbridge@vendor.com
69-415-3675,Thoughtbeat,3,3.0,thoughtbeat@vendor.com
34-667-8907,Thoughtbridge,4,3.2,thoughtbridge@vendor.com
62-979-5038,Babbleopia,4,4.6,babbleopia@vendor.com
64-489-8494,Meevee,14,3.4,meevee@vendor.com
74-119-8973,Centimia,8,4.3,centimia@vendor.com
01-801-9502,Vidoo,9,3.5,vidoo@vendor.com
18-110-8314,Meevee,7,3.2,meevee@vendor.com
17-807-6972,Aibox,3,3.5,aibox@vendor.com
24-576-3402,Topicblab,3,4.4,topicblab@vendor.com
69-289-8783,Wikibox,5,4.7,wikibox@vendor.com
00-023-7719,Kamba,4,4.7,kamba@vendor.com
32-178-2765,Abatz,7,3.8,abatz@vendor.com
40-515-1141,Kimia,14,4.3,kimia@vendor.com
15-444-8224,Flipopia,12,3.4,flipopia@vendor.com
55-952-9832,Eidel,8,3.6,eidel@vendor.com
76-870-2139,Jayo,9,4.8,jayo@vendor.com
39-257-6162,Youtags,6,3.0,youtags@vendor.com
29-122-7037,Kazu,9,3.2,kazu@vendor.com
45-331-8563,Quaxo,13,3.4,quaxo@vendor.com
34-726-5887,Tagopia,10,3.1,tagopia@vendor.com
14-724-4622,Tagtune,13,3.4,tagtune@vendor.com
80-068-0825,Devcast,3,4.2,devcast@vendor.com
94-186-9620,Cogibox,8,3.8,cogibox@vendor.com
99-145-4924,Jayo,10,4.8,jayo@vendor.com
31-281-2352,Riffwire,7,4.6,riffwire@vendor.com
42-252-5861,Yodo,6,3.7,yodo@vendor.com
79-518-8344,Linktype,4,3.5,linktype@vendor.com
85-454-9252,Gevee,8,3.8,gevee@vendor.com
49-590-1752,Quaxo,8,4.2,quaxo@vendor.com
87-159-6467,Voolith,13,3.5,voolith@vendor.com
96-001-5429,Jaxspan,3,4.2,jaxspan@vendor.com
57-569-7172,Blognation,11,3.8,blognation@vendor.com
44-495-6660,Jaxnation,14,4.1,jaxnation@vendor.com
63-969-9608,Meetz,13,3.9,meetz@vendor.com
08-912-0895,Meevee,8,3.6,meevee@vendor.com
23-482-0516,Layo,5,4.9,layo@vendor.com
75-536-2986,Eabox,6,4.5,eabox@vendor.com
27-493-6787,Photobug,14,3.3,photobug@vendor.com
03-615-0558,Reallinks,13,4.7,reallinks@vendor.com
38-310-4533,Omba,6,4.0,omba@vendor.com
31-628-6696,Jabbersphere,5,4.8,jabbersphere@vendor.com
60-386-5077,Eayo,12,4.6,eayo@vendor.com
65-611-4749,Devcast,5,3.9,devcast@vendor.com
40-056-7748,Fivebridge,5,3.0,fivebridge@vendor.com
71-467-4910,Babbleset,6,3.5,babbleset@vendor.com
42-361-6981,Quimm,9,4.1,quimm@vendor.com
43-679-7350,Lajo,6,4.3,lajo@vendor.com
89-134-9717,Ozu,11,3.5,ozu@vendor.com
39-339-3869,Bubblemix,3,3.3,bubblemix@vendor.com
92-830-6986,Topicstorm,10,4.7,topicstorm@vendor.com
70-901-6191,Babblestorm,9,5.0,babblestorm@vendor.com
12-983-3026,Mybuzz,4,4.1,mybuzz@vendor.com
05-593-1927,Voonix,10,3.3,voonix@vendor.com
51-215-2283,Einti,3,3.5,einti@vendor.com
59-979-6740,Brightdog,13,3.0,brightdog@vendor.com
81-292-4650,Voolith,14,4.8,voolith@vendor.com
86-079-1525,Oyondu,11,3.2,oyondu@vendor.com
69-416-9493,Katz,11,4.2,katz@vendor.com
68-836-0350,Skyble,4,3.5,skyble@vendor.com
54-711-1582,Oyoloo,9,4.1,oyoloo@vendor.com
10-295-7996,Trudeo,12,4.3,trudeo@vendor.com
96-012-3393,Eamia,5,4.7,eamia@vendor.com
77-783-4107,Dazzlesphere,9,3.4,dazzlesphere@vendor.com
04-726-3363,Linklinks,14,3.0,linklinks@vendor.com
15-739-5480,Tagfeed,12,3.3,tagfeed@vendor.com
98-677-4279,Yamia,11,4.8,yamia@vendor.com
65-068-1200,Gigashots,6,4.7,gigashots@vendor.com
78-787-7171,Quinu,14,4.2,quinu@vendor.com
40-773-7065,Skilith,3,4.2,skilith@vendor.com
33-898-6242,Realbridge,4,4.3,realbridge@vendor.com
32-771-2617,Latz,3,3.4,latz@vendor.com
27-532-7847,Twitterbeat,14,4.8,twitterbeat@vendor.com
13-109-8639,Katz,7,3.8,katz@vendor.com
75-328-1709,Pixope,7,3.8,pixope@vendor.com
16-869-7328,Omba,13,4.0,omba@vendor.com
73-210-4267,Skimia,9,3.1,skimia@vendor.com
03-983-0515,Wordpedia,11,3.3,wordpedia@vendor.com
01-308-0960,Voolith,11,4.5,voolith@vendor.com
08-490-1714,Skidoo,5,3.2,skidoo@vendor.com
40-180-0752,Oba,5,4.2,oba@vendor.com
53-844-0478,Kwinu,5,3.5,kwinu@vendor.com
58-536-6583,Meevee,6,3.8,meevee@vendor.com
04-456-0715,Abatz,10,3.6,abatz@vendor.com
78-459-1417,Gevee,8,3.7,gevee@vendor.com
71-676-6562,Roombo,10,4.4,roombo@vendor.com
50-747-2259,Jaloo,3,3.6,jaloo@vendor.com
51-076-1164,Ozu,10,4.1,ozu@vendor.com
14-231-9135,Izio,6,4.0,izio@vendor.com
14-009-8505,Feedfire,13,4.3,feedfire@vendor.com
28-465-9141,Tagopia,3,4.9,tagopia@vendor.com
29-112-1577,Trilia,10,4.5,trilia@vendor.com
53-749-6148,Topdrive,6,3.4,topdrive@vendor.com
93-793-4398,Twitterwire,8,3.1,twitterwire@vendor.com
57-323-8059,Browsezoom,10,3.5,browsezoom@vendor.com
23-052-4744,Devpoint,6,4.2,devpoint@vendor.com
56-439-3559,Devpoint,5,3.1,devpoint@vendor.com
61-755-4469,Digitube,11,4.0,digitube@vendor.com
14-414-1945,Voonder,5,4.2,voonder@vendor.com
32-402-9679,Einti,11,3.7,einti@vendor.com
82-552-6786,Shufflester,4,4.5,shufflester@vendor.com
06-569-4690,Feedspan,4,3.2,feedspan@vendor.com
23-450-0301,Gabspot,4,3.2,gabspot@vendor.com
56-422-1480,Jaxworks,8,4.5,jaxworks@vendor.com
83-960-5274,Yadel,5,4.0,yadel@vendor.com
34-850-0377,Devbug,11,4.4,devbug@vendor.com
08-523-5066,Jaxspan,6,3.9,jaxspan@vendor.com
63-528-0643,Realcube,3,3.5,realcube@vendor.com
52-359-1255,Mycat,6,4.6,mycat@vendor.com
34-724-1913,Yodel,3,4.6,yodel@vendor.com
89-155-3471,Midel,7,4.4,midel@vendor.com
72-649-3163,Thoughtstorm,6,3.5,thoughtstorm@vendor.com
66-563-9462,Eire,10,4.2,eire@vendor.com
50-214-3802,Meembee,10,3.7,meembee@vendor.com
72-784-3292,Skimia,9,3.2,skimia@vendor.com
67-679-4930,Muxo,5,4.8,muxo@vendor.com
87-893-6089,Twitterwire,3,3.3,twitterwire@vendor.com
90-534-2165,Flipbug,3,4.9,flipbug@vendor.com
01-517-7793,Ntags,14,3.9,ntags@vendor.com
30-820-2883,Voolia,13,3.4,voolia@vendor.com
90-718-2724,Youspan,5,4.1,youspan@vendor.com
38-643-1626,Omba,8,4.7,omba@vendor.com
79-219-8469,Einti,9,4.5,einti@vendor.com
30-410-3509,Gigashots,8,4.6,gigashots@vendor.com
98-791-5014,Voonder,8,4.3,voonder@vendor.com
17-167-4304,Livetube,8,4.4,livetube@vendor.com
51-666-7174,Skipfire,5,4.7,skipfire@vendor.com
96-609-6152,Thoughtblab,8,3.5,thoughtblab@vendor.com
37-599-8579,BlogXS,10,4.0,blogxs@vendor.com
87-570-0273,Blognation,13,3.4,blognation@vendor.com
44-388-2451,Skidoo,13,5.0,skidoo@vendor.com
69-460-9770,InnoZ,4,4.9,innoz@vendor.com
86-400-4155,Centidel,7,3.1,centidel@vendor.com
50-050-5707,Twitterbeat,3,4.4,twitterbeat@vendor.com
01-210-3485,Brightbean,14,4.9,brightbean@vendor.com
84-090-6472,Yodo,3,3.4,yodo@vendor.com
79-366-7207,Zoombeat,7,4.1,zoombeat@vendor.com
15-947-9718,Talane,14,4.8,talane@vendor.com
65-160-1426,Ooba,5,3.1,ooba@vendor.com
52-744-6162,Chatterbridge,6,4.4,chatterbridge@vendor.com
15-365-5585,Flipbug,5,3.6,flipbug@vendor.com
80-833-3051,Yakitri,3,4.8,yakitri@vendor.com
78-644-5877,Demimbu,3,4.9,demimbu@vendor.com
07-754-2313,Topiclounge,14,4.9,topiclounge@vendor.com
07-500-2023,Eimbee,14,3.9,eimbee@vendor.com
54-537-5633,Meeveo,7,4.7,meeveo@vendor.com
93-688-1260,Realblab,8,4.7,realblab@vendor.com
67-272-8844,Browsetype,5,3.6,browsetype@vendor.com
26-730-0925,Devshare,14,4.7,devshare@vendor.com
67-024-9832,LiveZ,11,3.1,livez@vendor.com
97-055-2756,Janyx,7,4.2,janyx@vendor.com
84-835-1656,Linklinks,10,3.5,linklinks@vendor.com
46-316-6919,Linktype,3,3.2,linktype@vendor.com
82-313-4469,Skibox,7,3.2,skibox@vendor.com
04-391-8892,Kanoodle,5,4.4,kanoodle@vendor.com
35-906-1010,Jabbersphere,14,3.7,jabbersphere@vendor.com
75-286-4153,Ntag,3,4.4,ntag@vendor.com
82-527-9395,Meejo,6,3.1,meejo@vendor.com
41-800-2842,Topicshots,7,3.6,topicshots@vendor.com
18-880-7910,DabZ,9,4.1,dabz@vendor.com
22-083-3504,Quire,3,4.6,quire@vendor.com
83-361-7509,Devpoint,5,3.6,devpoint@vendor.com
27-838-4345,Thoughtblab,4,4.3,thoughtblab@vendor.com
95-734-4024,Meevee,11,4.8,meevee@vendor.com
98-591-1051,Vitz,12,4.2,vitz@vendor.com
13-433-4930,Gigashots,8,3.5,gigashots@vendor.com
44-451-2764,Katz,12,3.0,katz@vendor.com
55-251-3001,Quamba,5,4.7,quamba@vendor.com
28-521-7083,Centizu,10,3.0,centizu@vendor.com
01-495-9336,Bubblemix,10,4.7,bubblemix@vendor.com
10-540-5841,Realpoint,4,4.1,realpoint@vendor.com
84-123-7159,Tazz,8,4.9,tazz@vendor.com
65-395-5947,Bubblebox,9,4.6,bubblebox@vendor.com
73-201-2803,Feedfish,4,5.0,feedfish@vendor.com
50-862-4552,Kimia,13,3.7,kimia@vendor.com
26-920-6626,Buzzbean,12,4.5,buzzbean@vendor.com
00-912-3545,Gigabox,4,3.8,gigabox@vendor.com
02-575-2074,Yabox,12,4.0,yabox@vendor.com
86-760-5412,Linklinks,3,4.3,linklinks@vendor.com
68-596-5506,Tagpad,10,4.7,tagpad@vendor.com
41-978-3326,Oyonder,3,5.0,oyonder@vendor.com
23-931-2988,Roodel,11,4.5,roodel@vendor.com
72-002-3904,Photobug,13,3.8,photobug@vendor.com
72-514-7323,Cogilith,8,3.8,cogilith@vendor.com
45-886-1540,Innojam,9,4.5,innojam@vendor.com
12-433-6490,Rhyzio,12,3.5,rhyzio@vendor.com
17-562-1176,Blogtag,9,3.2,blogtag@vendor.com
90-727-4816,Skyndu,12,3.7,skyndu@vendor.com
42-746-2717,Zava,5,3.6,zava@vendor.com
25-414-2945,Snaptags,4,3.6,snaptags@vendor.com
46-382-2024,Fiveclub,11,3.5,fiveclub@vendor.com
84-472-8001,Eimbee,10,3.1,eimbee@vendor.com
26-454-7297,Dabfeed,14,3.0,dabfeed@vendor.com
91-451-2016,Ooba,12,5.0,ooba@vendor.com
40-417-9838,Vinder,9,3.9,vinder@vendor.com
40-662-8853,Meembee,11,3.8,meembee@vendor.com
27-541-2645,Jaxspan,6,4.4,jaxspan@vendor.com
64-807-5250,Skalith,6,3.4,skalith@vendor.com
18-065-8014,Pixonyx,3,4.9,pixonyx@vendor.com
37-630-2250,Youbridge,10,4.6,youbridge@vendor.com
68-482-4786,Realpoint,14,3.2,realpoint@vendor.com
62-086-0407,Shufflester,5,3.8,shufflester@vendor.com
98-304-8407,Rhyloo,9,4.8,rhyloo@vendor.com
60-159-3514,Geba,14,4.9,geba@vendor.com
01-853-2191,Bubblemix,4,3.9,bubblemix@vendor.com
79-575-9351,Flashspan,4,4.2,flashspan@vendor.com
58-474-3510,Dazzlesphere,9,3.3,dazzlesphere@vendor.com
77-566-9826,Browsecat,8,5.0,browsecat@vendor.com
54-529-4459,Oyoba,5,3.5,oyoba@vendor.com
63-683-7396,Livetube,11,4.9,livetube@vendor.com
17-359-2527,Yotz,12,4.3,yotz@vendor.com
76-712-0418,Photobug,8,4.2,photobug@vendor.com
32-497-0478,Omba,12,4.0,omba@vendor.com
43-786-9229,Bluezoom,12,3.5,bluezoom@vendor.com
45-997-6429,Thoughtstorm,8,3.4,thoughtstorm@vendor.com
74-726-0855,Shufflebeat,3,3.4,shufflebeat@vendor.com
02-997-1489,LiveZ,6,3.4,livez@vendor.com
97-821-7402,Buzzshare,12,4.6,buzzshare@vendor.com
29-542-9338,Rhybox,8,3.7,rhybox@vendor.com
45-912-2948,Kwilith,8,3.1,kwilith@vendor.com
56-825-0880,Vidoo,13,4.9,vidoo@vendor.com
08-218-9429,Aivee,14,4.8,aivee@vendor.com
67-596-1997,Vitz,7,4.9,vitz@vendor.com
79-508-5241,Avamba,3,5.0,avamba@vendor.com
72-360-6358,Centimia,10,3.3,centimia@vendor.com
37-519-7762,Plajo,7,3.8,plajo@vendor.com
14-483-5712,Fliptune,14,4.5,fliptune@vendor.com
01-900-4509,Jetpulse,14,4.4,jetpulse@vendor.com
85-670-6379,Tanoodle,14,3.3,tanoodle@vendor.com
05-050-4384,Babblestorm,7,4.6,babblestorm@vendor.com
39-506-2186,Jaxspan,9,3.4,jaxspan@vendor.com
96-177-4040,Kayveo,6,3.4,kayveo@vendor.com
56-092-7992,Zooxo,8,4.1,zooxo@vendor.com
41-587-4864,Skyble,6,4.2,skyble@vendor.com
78-283-9751,Demivee,5,4.2,demivee@vendor.com
80-848-7493,Zazio,9,3.2,zazio@vendor.com
44-429-6199,Flashset,10,4.8,flashset@vendor.com
30-942-0054,Izio,6,3.5,izio@vendor.com
20-201-5639,Zoombox,4,3.3,zoombox@vendor.com
27-061-4764,Devpulse,14,4.8,devpulse@vendor.com
12-431-9207,Oyondu,12,4.9,oyondu@vendor.com
41-083-3955,Skipfire,5,4.7,skipfire@vendor.com
79-086-1717,Janyx,3,4.6,janyx@vendor.com
29-774-6779,Twitterwire,10,4.3,twitterwire@vendor.com
76-797-9430,Twitterbridge,5,4.1,twitterbridge@vendor.com
29-968-4976,Katz,14,3.2,katz@vendor.com
02-811-7933,Buzzbean,12,3.8,buzzbean@vendor.com
31-483-9201,Tagchat,9,3.7,tagchat@vendor.com
71-727-8611,Ntag,12,3.5,ntag@vendor.com
08-209-1598,Blogspan,7,4.4,blogspan@vendor.com
62-648-2577,Katz,12,4.0,katz@vendor.com
36-138-9045,Kazio,7,3.2,kazio@vendor.com
91-215-9838,Bluezoom,9,3.4,bluezoom@vendor.com
23-197-9965,Shufflester,11,4.4,shufflester@vendor.com
95-200-1972,Jabberstorm,14,3.2,jabberstorm@vendor.com
51-519-4588,Tanoodle,7,4.7,tanoodle@vendor.com
69-666-2257,Skidoo,3,4.0,skidoo@vendor.com
33-733-7313,Livetube,12,4.0,livetube@vendor.com
52-130-3457,Agivu,12,4.2,agivu@vendor.com
42-201-4328,Avaveo,3,4.6,avaveo@vendor.com
33-141-1402,Gigaclub,4,3.7,gigaclub@vendor.com
20-952-0731,Jaxspan,8,4.4,jaxspan@vendor.com
11-430-6041,Wordpedia,11,4.1,wordpedia@vendor.com
33-546-5056,Yata,10,3.5,yata@vendor.com
71-300-8176,Topicblab,7,4.8,topicblab@vendor.com
45-602-6533,Devpoint,3,4.6,devpoint@vendor.com
66-680-8738,Gigaclub,9,4.3,gigaclub@vendor.com
17-963-6051,Abata,7,4.7,abata@vendor.com
81-072-8266,Quaxo,8,4.7,quaxo@vendor.com
00-131-9278,Skynoodle,9,4.4,skynoodle@vendor.com
08-439-3820,Demivee,5,4.7,demivee@vendor.com
07-578-7055,Shuffledrive,14,4.4,shuffledrive@vendor.com
38-200-4863,Twitterlist,12,4.4,twitterlist@vendor.com
55-269-1746,Camido,5,4.2,camido@vendor.com
61-040-9004,Voomm,7,4.5,voomm@vendor.com
36-964-9838,Dynabox,8,3.3,dynabox@vendor.com
95-148-9287,Skibox,11,4.8,skibox@vendor.com
14-486-5626,Skyndu,14,4.7,skyndu@vendor.com
69-472-4067,Meedoo,7,3.1,meedoo@vendor.com
78-888-6073,Chatterbridge,3,4.7,chatterbridge@vendor.com
39-055-1703,Zoozzy,6,3.3,zoozzy@vendor.com
18-743-4684,Browsecat,7,3.7,browsecat@vendor.com
96-393-1428,Jabbersphere,14,4.5,jabbersphere@vendor.com
73-625-5112,Yadel,12,3.3,yadel@vendor.com
29-689-5014,Mynte,12,4.6,mynte@vendor.com
56-110-5754,Photobug,7,4.7,photobug@vendor.com
06-776-1072,Trilia,9,4.0,trilia@vendor.com
54-876-4296,Fiveclub,6,3.0,fiveclub@vendor.com
41-628-8713,Feedmix,3,3.6,feedmix@vendor.com
90-554-0576,Kayveo,7,4.2,kayveo@vendor.com
54-724-8610,Rhyloo,9,5.0,rhyloo@vendor.com
35-835-8848,Oyoloo,12,4.3,oyoloo@vendor.com
28-977-3789,Skidoo,12,3.5,skidoo@vendor.com
67-137-4215,Wordify,8,4.3,wordify@vendor.com
18-085-1667,Shuffledrive,7,4.1,shuffledrive@vendor.com
67-252-3923,Lajo,6,4.6,lajo@vendor.com
02-510-0629,Eidel,4,3.2,eidel@vendor.com
72-509-7548,Dabjam,6,4.5,dabjam@vendor.com
30-934-3251,Rhybox,12,4.1,rhybox@vendor.com
68-200-8955,Mynte,12,4.9,mynte@vendor.com
26-438-8349,Jatri,5,3.7,jatri@vendor.com
86-487-3354,Centidel,12,4.3,centidel@vendor.com
51-054-1226,Centizu,3,4.9,centizu@vendor.com
05-727-0033,Quinu,10,3.2,quinu@vendor.com
21-416-3796,Feednation,7,4.9,feednation@vendor.com
08-828-3804,Eire,6,4.4,eire@vendor.com
60-959-6355,Zoonder,10,3.1,zoonder@vendor.com
06-159-1957,Skiba,9,3.6,skiba@vendor.com
01-665-0053,Zoovu,4,4.4,zoovu@vendor.com
62-011-9357,Quatz,3,3.1,quatz@vendor.com
35-979-6839,Yoveo,14,4.2,yoveo@vendor.com
75-867-3635,Realcube,13,3.7,realcube@vendor.com
13-526-1392,Vimbo,6,4.2,vimbo@vendor.com
95-721-9228,Brightbean,10,3.1,brightbean@vendor.com
07-055-5188,Gigashots,14,4.7,gigashots@vendor.com
16-474-4516,Brightdog,4,4.9,brightdog@vendor.com
93-358-1118,Yakijo,5,4.9,yakijo@vendor.com
40-696-4237,Photobug,14,4.5,photobug@vendor.com
19-156-3869,Camimbo,3,3.3,camimbo@vendor.com
34-161-7429,Zoomlounge,3,4.5,zoomlounge@vendor.com
75-256-5638,Tavu,5,3.0,tavu@vendor.com
72-931-9828,Brainsphere,13,3.0,brainsphere@vendor.com
34-824-0575,Brainverse,7,3.6,brainverse@vendor.com
32-914-1424,Tazz,14,4.0,tazz@vendor.com
84-869-9980,Zazio,5,4.5,zazio@vendor.com
10-694-6636,Aivee,3,4.4,aivee@vendor.com
60-284-1974,Quatz,3,3.9,quatz@vendor.com
57-615-0729,Vitz,10,3.5,vitz@vendor.com
42-380-8881,Edgepulse,12,5.0,edgepulse@vendor.com
64-070-7611,Bubblebox,13,3.9,bubblebox@vendor.com
53-584-1853,Tagtune,14,3.9,tagtune@vendor.com
70-444-9176,Yombu,14,3.3,yombu@vendor.com
42-254-7371,Divape,4,4.6,divape@vendor.com
81-999-7392,Thoughtbeat,5,4.4,thoughtbeat@vendor.com
55-134-2668,Mybuzz,4,3.4,mybuzz@vendor.com
99-178-0951,Meemm,5,3.2,meemm@vendor.com
58-226-6435,Browsecat,9,4.4,browsecat@vendor.com
62-029-0827,Fivebridge,3,4.3,fivebridge@vendor.com
07-959-3210,Browseblab,12,3.5,browseblab@vendor.com
98-155-9583,Buzzshare,10,4.9,buzzshare@vendor.com
73-744-7022,Thoughtstorm,12,3.3,thoughtstorm@vendor.com
66-973-4855,Yodoo,12,3.9,yodoo@vendor.com
53-998-1422,Kwideo,12,4.9,kwideo@vendor.com
86-184-4829,Geba,4,3.8,geba@vendor.com
38-603-6412,Voolia,5,4.3,voolia@vendor.com
75-465-6257,Feedspan,11,3.8,feedspan@vendor.com
12-264-4503,Dynabox,9,3.5,dynabox@vendor.com
24-087-5935,Browsebug,6,5.0,browsebug@vendor.com
58-657-7257,Youspan,12,3.8,youspan@vendor.com
61-796-7912,Kare,7,4.8,kare@vendor.com
85-978-7855,Devbug,4,3.5,devbug@vendor.com
80-567-5598,Skipfire,13,3.4,skipfire@vendor.com
83-941-9620,Rooxo,10,3.1,rooxo@vendor.com
02-156-7270,Meedoo,6,4.3,meedoo@vendor.com
66-227-1125,Devshare,11,3.7,devshare@vendor.com
75-553-7424,Youspan,7,4.7,youspan@vendor.com
67-674-0287,Camido,11,3.9,camido@vendor.com
07-410-2867,Rooxo,6,4.9,rooxo@vendor.com
26-796-0872,Avavee,12,3.4,avavee@vendor.com
64-831-3071,Rhycero,7,4.7,rhycero@vendor.com
80-622-6587,Tagcat,11,4.6,tagcat@vendor.com
38-330-5543,Eimbee,10,4.5,eimbee@vendor.com
44-199-6832,Jetpulse,5,4.7,jetpulse@vendor.com
09-387-1119,Mudo,3,4.5,mudo@vendor.com
38-819-2922,Skynoodle,5,4.3,skynoodle@vendor.com
64-361-4238,Rhycero,6,3.3,rhycero@vendor.com
07-432-0137,Yadel,4,3.1,yadel@vendor.com
81-234-0741,Jabberstorm,3,4.8,jabberstorm@vendor.com
85-932-1011,Feedbug,9,4.2,feedbug@vendor.com
18-260-7354,Realfire,10,4.6,realfire@vendor.com
79-955-6260,Tagpad,9,4.0,tagpad@vendor.com
68-415-1025,Yambee,7,3.2,yambee@vendor.com
22-959-6357,Lajo,14,3.3,lajo@vendor.com
61-793-0279,Demimbu,3,4.4,demimbu@vendor.com
99-784-4391,Voolia,9,3.9,voolia@vendor.com
60-394-8955,Cogidoo,9,3.4,cogidoo@vendor.com
41-007-0132,Twimm,11,4.0,twimm@vendor.com
84-949-8378,Twitterwire,5,3.1,twitterwire@vendor.com
90-177-6733,Rhyloo,11,4.2,rhyloo@vendor.com
96-786-0667,Edgewire,3,3.5,edgewire@vendor.com
93-625-4768,Latz,3,4.6,latz@vendor.com
40-070-5881,Topicstorm,6,3.6,topicstorm@vendor.com
04-786-5408,Buzzdog,11,3.9,buzzdog@vendor.com
78-379-0369,Gigashots,8,3.0,gigashots@vendor.com
34-014-5873,Skynoodle,13,3.1,skynoodle@vendor.com
32-745-8366,Rhynoodle,5,3.8,rhynoodle@vendor.com
78-877-1866,Skyble,3,4.0,skyble@vendor.com
75-906-1086,Demizz,6,4.2,demizz@vendor.com
14-703-2550,Jaxspan,14,3.6,jaxspan@vendor.com
09-902-6272,Shufflebeat,11,4.4,shufflebeat@vendor.com
32-506-0556,Devpulse,5,4.7,devpulse@vendor.com
48-538-8538,Tagtune,14,4.6,tagtune@vendor.com
08-141-2402,Yotz,11,3.1,yotz@vendor.com
23-109-2205,Tagchat,9,4.0,tagchat@vendor.com
02-057-9401,Meevee,14,3.2,meevee@vendor.com
89-959-2254,Flipopia,6,3.5,flipopia@vendor.com
62-044-8874,Babblestorm,5,5.0,babblestorm@vendor.com
97-994-0773,Zoovu,12,3.3,zoovu@vendor.com
14-108-0409,Dabtype,7,4.0,dabtype@vendor.com
29-975-3449,Wikizz,7,4.2,wikizz@vendor.com
99-034-7010,Yata,5,4.4,yata@vendor.com
66-317-4895,Jabbertype,14,4.1,jabbertype@vendor.com
19-809-5654,Abata,11,3.0,abata@vendor.com
48-557-5036,Quatz,6,3.7,quatz@vendor.com
71-991-5737,Izio,13,4.0,izio@vendor.com
40-260-8547,Abata,7,3.2,abata@vendor.com
94-157-1762,Devpulse,6,3.7,devpulse@vendor.com
50-378-4320,Chatterpoint,7,3.1,chatterpoint@vendor.com
12-950-4397,Abatz,9,3.2,abatz@vendor.com
62-599-8388,Twinte,11,3.8,twinte@vendor.com
51-213-5660,Ainyx,9,3.3,ainyx@vendor.com
84-504-7617,Youfeed,7,4.1,youfeed@vendor.com
06-315-0552,Jabbersphere,12,4.4,jabbersphere@vendor.com
23-178-8962,Jaloo,12,4.6,jaloo@vendor.com
73-383-4390,Feedmix,9,3.4,feedmix@vendor.com
07-987-4536,Gigabox,12,3.3,gigabox@vendor.com
75-985-6744,Youbridge,7,3.2,youbridge@vendor.com
61-100-8296,Yambee,5,4.3,yambee@vendor.com
18-445-5057,Topicblab,9,4.4,topicblab@vendor.com
07-067-3439,Tanoodle,13,3.1,tanoodle@vendor.com
50-877-0990,Mymm,13,4.9,mymm@vendor.com
30-460-3122,Shuffledrive,4,3.1,shuffledrive@vendor.com
91-632-7343,Layo,14,4.1,layo@vendor.com
11-031-9939,Centimia,11,4.4,centimia@vendor.com
19-985-9694,Wikizz,12,4.7,wikizz@vendor.com
87-840-7803,Jayo,12,4.4,jayo@vendor.com
61-867-3019,Dabtype,14,4.6,dabtype@vendor.com
70-402-4816,Kwilith,3,3.7,kwilith@vendor.com
81-676-3345,Gabvine,8,4.6,gabvine@vendor.com
72-013-2438,Eidel,9,3.2,eidel@vendor.com
40-443-3362,Realcube,10,4.8,realcube@vendor.com
94-217-4781,Flipbug,12,4.1,flipbug@vendor.com
04-391-7610,Tagfeed,11,4.6,tagfeed@vendor.com
01-285-0018,Meezzy,4,3.9,meezzy@vendor.com
78-098-4468,Avaveo,13,4.3,avaveo@vendor.com
33-523-9077,Gabspot,12,4.1,gabspot@vendor.com
66-174-9633,Linkbridge,4,4.5,linkbridge@vendor.com
75-365-7696,Talane,7,3.2,talane@vendor.com
90-175-7764,Bubblebox,7,3.1,bubblebox@vendor.com
84-047-0017,Devshare,8,3.5,devshare@vendor.com
61-907-0994,Skilith,5,3.3,skilith@vendor.com
56-969-3705,Feedfish,10,4.7,feedfish@vendor.com
43-542-6868,Ainyx,3,3.4,ainyx@vendor.com
78-629-7560,Meevee,8,5.0,meevee@vendor.com
95-609-1485,Zoonder,6,3.7,zoonder@vendor.com
19-098-2529,Babblestorm,3,3.4,babblestorm@vendor.com
63-522-2633,Skiptube,9,4.6,skiptube@vendor.com
26-860-4618,Innotype,11,4.3,innotype@vendor.com
33-265-4588,Linkbridge,6,4.0,linkbridge@vendor.com
83-172-5527,Skaboo,6,4.1,skaboo@vendor.com
75-448-1356,Wikido,8,4.4,wikido@vendor.com
11-098-3982,Wikivu,14,3.5,wikivu@vendor.com
22-050-5775,Jaxworks,5,5.0,jaxworks@vendor.com
89-439-6947,Avavee,14,4.9,avavee@vendor.com
91-030-6609,Fivebridge,8,4.3,fivebridge@vendor.com
56-050-1773,Photobean,9,3.4,photobean@vendor.com
54-907-6531,Demivee,13,4.4,demivee@vendor.com
61-912-9541,Realblab,12,3.1,realblab@vendor.com
84-923-5086,Tavu,12,3.1,tavu@vendor.com
31-892-6816,Kwilith,5,3.5,kwilith@vendor.com
45-903-0036,Voonyx,9,3.9,voonyx@vendor.com
89-992-6472,Twimm,5,4.7,twimm@vendor.com
51-600-6076,Skajo,4,4.5,skajo@vendor.com
22-940-6543,Vipe,14,4.5,vipe@vendor.com
73-445-3017,Jazzy,12,3.9,jazzy@vendor.com
60-003-2919,Livepath,6,3.7,livepath@vendor.com
15-062-6342,Topiczoom,14,3.7,topiczoom@vendor.com
01-165-8830,Babbleblab,10,5.0,babbleblab@vendor.com
31-163-5871,Yodoo,11,3.1,yodoo@vendor.com
02-530-5932,Edgewire,9,4.7,edgewire@vendor.com
61-807-0746,Edgetag,3,4.2,edgetag@vendor.com
29-359-0109,Oozz,5,3.9,oozz@vendor.com
23-688-6256,Trupe,14,4.5,trupe@vendor.com
03-882-3517,Kaymbo,11,4.0,kaymbo@vendor.com
48-700-8059,Feedfire,14,4.7,feedfire@vendor.com
10-008-6747,Shuffletag,3,4.8,shuffletag@vendor.com
69-112-6969,Skajo,11,3.8,skajo@vendor.com
86-709-5618,Rhynoodle,10,3.6,rhynoodle@vendor.com
95-484-3134,Yoveo,3,4.2,yoveo@vendor.com
06-303-4127,Zoombox,8,4.8,zoombox@vendor.com
27-557-2375,Roombo,7,3.4,roombo@vendor.com
53-718-1768,Devcast,8,4.2,devcast@vendor.com
78-954-5649,Tambee,12,4.3,tambee@vendor.com
26-280-5472,Myworks,14,4.5,myworks@vendor.com
91-191-2324,Thoughtbeat,7,3.3,thoughtbeat@vendor.com
98-587-7923,Bluejam,8,4.4,bluejam@vendor.com
10-950-0546,Camimbo,7,4.8,camimbo@vendor.com
47-026-0505,Vidoo,13,3.4,vidoo@vendor.com
06-175-9657,Babblestorm,14,3.5,babblestorm@vendor.com
67-922-3399,Feedbug,7,4.9,feedbug@vendor.com
27-292-4656,Zava,6,3.4,zava@vendor.com
89-468-2696,Topiclounge,5,4.7,topiclounge@vendor.com
00-487-2428,Meembee,5,4.0,meembee@vendor.com
93-719-9817,Feedfire,6,3.5,feedfire@vendor.com
93-900-1170,Kwideo,11,4.7,kwideo@vendor.com
02-272-0535,Livetube,4,3.9,livetube@vendor.com
78-024-3286,Kanoodle,11,4.0,kanoodle@vendor.com
85-532-0172,Roombo,3,3.7,roombo@vendor.com
97-150-9199,Skynoodle,3,4.2,skynoodle@vendor.com
74-119-5491,Feedfire,7,3.3,feedfire@vendor.com
14-190-2260,Skiptube,8,3.8,skiptube@vendor.com
60-309-5783,Zoovu,8,4.9,zoovu@vendor.com
91-216-7668,Cogilith,5,3.5,cogilith@vendor.com
40-002-8400,Fliptune,9,4.3,fliptune@vendor.com
61-604-8116,BlogXS,11,3.7,blogxs@vendor.com
35-941-2585,DabZ,13,4.5,dabz@vendor.com
50-918-1373,Twitternation,14,3.3,twitternation@vendor.com
85-823-7428,Skimia,12,4.9,skimia@vendor.com
95-889-8592,Mydeo,10,3.9,mydeo@vendor.com
64-584-7898,Zava,8,3.5,zava@vendor.com
29-295-9755,Eare,14,3.1,eare@vendor.com
85-272-3969,Quatz,10,3.3,quatz@vendor.com
48-707-5857,Buzzdog,14,4.0,buzzdog@vendor.com
64-452-2395,Fivebridge,7,3.7,fivebridge@vendor.com
25-190-3172,Jayo,10,4.7,jayo@vendor.com
64-604-1679,Browsetype,12,3.9,browsetype@vendor.com
52-340-4509,Ainyx,14,3.5,ainyx@vendor.com
19-469-9841,Kayveo,6,4.2,kayveo@vendor.com
51-010-8144,Buzzster,12,4.4,buzzster@vendor.com
96-405-4286,Aivee,10,3.3,aivee@vendor.com
21-490-8051,Dynabox,12,3.3,dynabox@vendor.com
68-609-1972,Vinder,14,3.1,vinder@vendor.com
77-175-2969,Zoonoodle,4,4.5,zoonoodle@vendor.com
39-464-7300,Rhycero,14,4.3,rhycero@vendor.com
45-923-7206,Flashset,14,3.9,flashset@vendor.com
17-345-5800,Realblab,7,4.7,realblab@vendor.com
57-486-8971,Tazz,11,4.6,tazz@vendor.com
19-264-7608,Jetwire,6,4.2,jetwire@vendor.com
61-917-4271,Eadel,13,4.7,eadel@vendor.com
29-521-7910,Skivee,8,3.4,skivee@vendor.com
95-241-9348,Fivebridge,3,3.2,fivebridge@vendor.com
59-849-9942,Photobean,11,3.5,photobean@vendor.com
83-936-5065,Photolist,3,3.1,photolist@vendor.com
18-490-4140,Skaboo,7,4.1,skaboo@vendor.com
75-369-5047,Rhyzio,6,4.9,rhyzio@vendor.com
00-258-2525,Thoughtbeat,14,3.1,thoughtbeat@vendor.com
11-146-9880,Quire,5,3.2,quire@vendor.com
41-867-9911,Youbridge,8,3.9,youbridge@vendor.com
01-445-8931,Thoughtblab,4,4.9,thoughtblab@vendor.com
95-878-1614,Buzzshare,5,3.6,buzzshare@vendor.com
39-676-9308,Tanoodle,7,4.0,tanoodle@vendor.com
00-635-4638,Eidel,11,3.1,eidel@vendor.com
51-054-3811,BlogXS,4,3.3,blogxs@vendor.com
58-945-2944,Vimbo,12,5.0,vimbo@vendor.com
98-558-5813,Eadel,10,4.9,eadel@vendor.com
97-325-5889,Twitterbridge,4,3.0,twitterbridge@vendor.com
72-306-8602,Kwinu,13,4.9,kwinu@vendor.com
89-159-0852,Eazzy,7,4.3,eazzy@vendor.com
70-825-7341,Chatterpoint,9,4.7,chatterpoint@vendor.com
55-557-8544,Layo,10,3.9,layo@vendor.com
16-933-3355,Ntags,3,4.0,ntags@vendor.com
99-553-6838,Skipfire,8,4.0,skipfire@vendor.com
83-401-2709,Youbridge,3,4.3,youbridge@vendor.com
47-183-4911,Mydo,4,3.3,mydo@vendor.com
38-622-5251,Midel,3,3.1,midel@vendor.com
47-732-4446,Demizz,13,3.6,demizz@vendor.com
90-940-9550,Eabox,7,4.4,eabox@vendor.com
57-412-5368,Jetpulse,12,3.4,jetpulse@vendor.com
10-060-8515,Skivee,11,4.3,skivee@vendor.com
91-859-1733,Feedfish,8,4.9,feedfish@vendor.com
40-907-4937,Voonder,13,3.2,voonder@vendor.com
34-334-6888,Topicstorm,13,4.3,topicstorm@vendor.com
26-073-5798,Oyoyo,3,3.9,oyoyo@vendor.com
14-427-6604,Leenti,3,4.7,leenti@vendor.com
41-713-1053,Vinder,4,3.4,vinder@vendor.com
46-830-4835,Mudo,11,4.4,mudo@vendor.com
38-883-3382,Mydeo,5,4.7,mydeo@vendor.com
76-641-2070,Flashspan,3,4.9,flashspan@vendor.com
70-064-6828,Tanoodle,7,4.4,tanoodle@vendor.com
68-493-0378,Innojam,9,4.0,innojam@vendor.com
04-313-0298,Miboo,8,4.2,miboo@vendor.com
69-087-6645,Linktype,14,4.7,linktype@vendor.com
32-371-1686,Avaveo,3,4.1,avaveo@vendor.com
21-634-5781,Vipe,7,3.1,vipe@vendor.com
88-020-6814,Centizu,7,4.9,centizu@vendor.com
34-730-9079,Gigazoom,8,4.4,gigazoom@vendor.com
46-590-7639,Youopia,5,4.4,youopia@vendor.com
22-644-6447,Quamba,7,3.4,quamba@vendor.com
05-966-6460,Talane,9,4.3,talane@vendor.com
15-466-5131,Yabox,7,3.8,yabox@vendor.com
29-009-9132,Thoughtblab,7,4.3,thoughtblab@vendor.com
82-482-3670,Gigabox,7,3.2,gigabox@vendor.com
27-772-7906,Gigazoom,12,4.3,gigazoom@vendor.com
16-656-4821,Camido,12,5.0,camido@vendor.com
12-140-7809,Quatz,5,3.1,quatz@vendor.com
86-995-7254,Devpulse,3,5.0,devpulse@vendor.com
74-619-4608,Roomm,7,3.8,roomm@vendor.com
17-939-1338,Jamia,11,4.7,jamia@vendor.com
26-411-9126,Skajo,3,4.6,skajo@vendor.com
50-305-3936,Twitterworks,5,4.1,twitterworks@vendor.com
28-314-1189,Shuffletag,6,4.5,shuffletag@vendor.com
99-455-0707,Mudo,3,4.8,mudo@vendor.com
39-412-7454,Geba,3,3.8,geba@vendor.com
18-631-1458,Zooxo,10,3.7,zooxo@vendor.com
94-453-3755,Blogspan,4,4.3,blogspan@vendor.com
92-991-6167,Meeveo,14,4.6,meeveo@vendor.com
62-312-2748,Camido,10,4.5,camido@vendor.com
67-771-7656,Photospace,9,4.6,photospace@vendor.com
34-017-9457,Layo,12,3.9,layo@vendor.com
21-156-0102,Viva,12,4.6,viva@vendor.com
69-832-7009,Meevee,4,3.2,meevee@vendor.com
46-171-9624,Livetube,8,4.1,livetube@vendor.com
53-497-9614,Jaxbean,8,3.0,jaxbean@vendor.com
56-554-1762,Cogibox,5,3.6,cogibox@vendor.com
74-943-4552,Demivee,13,3.7,demivee@vendor.com
74-062-7176,Dynazzy,4,3.8,dynazzy@vendor.com
29-273-1595,Vidoo,14,4.4,vidoo@vendor.com
26-135-6134,Quatz,3,3.8,quatz@vendor.com
93-619-6639,Quamba,8,3.9,quamba@vendor.com
20-426-2191,Dabvine,14,3.5,dabvine@vendor.com
22-836-5101,Livepath,7,3.7,livepath@vendor.com
03-220-5535,Skivee,13,3.5,skivee@vendor.com
42-224-8186,Oyoloo,11,3.1,oyoloo@vendor.com
21-829-0398,Edgewire,3,4.2,edgewire@vendor.com
64-752-3122,Divanoodle,9,4.3,divanoodle@vendor.com
60-508-7567,Fatz,7,4.2,fatz@vendor.com
34-303-5097,Jazzy,7,3.9,jazzy@vendor.com
91-002-3027,Flipopia,4,3.8,flipopia@vendor.com
54-659-1177,Twiyo,13,4.7,twiyo@vendor.com
80-462-5807,Gabspot,5,4.0,gabspot@vendor.com
08-359-2568,Tagpad,9,4.0,tagpad@vendor.com
74-032-7560,Wikido,8,3.1,wikido@vendor.com
37-728-5274,Flipbug,14,3.7,flipbug@vendor.com
20-103-9525,Eare,4,3.8,eare@vendor.com
75-503-9347,Gigazoom,8,3.8,gigazoom@vendor.com
22-152-0111,Skippad,4,4.2,skippad@vendor.com
25-769-3792,Skaboo,4,4.1,skaboo@vendor.com
15-852-0491,Gigazoom,4,4.2,gigazoom@vendor.com
39-521-8484,Thoughtsphere,13,4.5,thoughtsphere@vendor.com
88-647-5082,Quatz,5,4.6,quatz@vendor.com
84-498-3849,Vinte,4,4.4,vinte@vendor.com
42-579-7177,Voonte,6,4.9,voonte@vendor.com
64-118-1480,Buzzster,11,3.0,buzzster@vendor.com
87-201-6047,Quinu,8,3.4,quinu@vendor.com
37-057-3553,Brightbean,3,3.0,brightbean@vendor.com
15-550-0171,Vinder,10,4.3,vinder@vendor.com
94-958-6101,Twitterbeat,14,4.8,twitterbeat@vendor.com
21-932-5200,Skimia,9,3.5,skimia@vendor.com
57-544-2465,Yoveo,12,4.9,yoveo@vendor.com
48-450-4126,Yombu,5,3.1,yombu@vendor.com
65-797-3468,Skyndu,3,4.9,skyndu@vendor.com
59-781-3399,Youtags,7,3.7,youtags@vendor.com
57-204-2098,Rhynyx,6,3.2,rhynyx@vendor.com
82-266-1796,Skyba,12,4.0,skyba@vendor.com
54-749-3622,Devbug,10,3.5,devbug@vendor.com
35-370-7603,Aimbu,3,3.6,aimbu@vendor.com
40-800-4739,Voolith,12,3.6,voolith@vendor.com
28-436-5158,Wikibox,3,4.6,wikibox@vendor.com
11-096-4003,Trudeo,14,4.1,trudeo@vendor.com
30-780-7583,Teklist,6,3.6,teklist@vendor.com
49-901-0828,Fivespan,10,4.2,fivespan@vendor.com
37-878-9392,Jetpulse,7,4.4,jetpulse@vendor.com
78-203-1075,Dynazzy,4,3.5,dynazzy@vendor.com
73-393-9432,Jabbercube,8,3.8,jabbercube@vendor.com
14-325-9173,Yozio,7,3.2,yozio@vendor.com
04-866-2231,Rhyzio,4,3.4,rhyzio@vendor.com
86-173-6891,Avamm,13,4.4,avamm@vendor.com
31-955-7362,Yodo,13,3.4,yodo@vendor.com
98-940-7545,Skipfire,13,4.1,skipfire@vendor.com
31-199-3683,Brainverse,5,4.4,brainverse@vendor.com
16-419-1419,Brainverse,11,3.2,brainverse@vendor.com
48-562-3582,Flashspan,9,4.1,flashspan@vendor.com
13-179-9553,Babblestorm,9,3.5,babblestorm@vendor.com
57-591-6452,Jabbersphere,13,4.9,jabbersphere@vendor.com
13-290-8513,Topiclounge,8,4.0,topiclounge@vendor.com
23-280-1300,Lazz,10,4.6,lazz@vendor.com
39-299-6093,Jabberstorm,6,4.1,jabberstorm@vendor.com
90-998-1236,Vimbo,10,3.1,vimbo@vendor.com
26-222-1156,Skinix,6,4.3,skinix@vendor.com
03-257-4437,Trilia,10,4.9,trilia@vendor.com
90-378-8463,Twitterbeat,11,4.2,twitterbeat@vendor.com
76-671-7104,Linklinks,5,4.6,linklinks@vendor.com
37-079-2530,Oba,5,4.8,oba@vendor.com
15-655-3923,Browsezoom,13,3.5,browsezoom@vendor.com
65-842-6819,Kamba,4,3.4,kamba@vendor.com
19-704-4404,Rooxo,12,4.2,rooxo@vendor.com
27-636-1606,Kamba,5,3.8,kamba@vendor.com
90-445-1753,Yombu,5,4.7,yombu@vendor.com
37-281-2537,Kwideo,7,4.8,kwideo@vendor.com
79-091-7381,Katz,7,3.7,katz@vendor.com
97-571-0561,Bubblemix,4,3.5,bubblemix@vendor.com
17-239-6309,Mydo,14,4.6,mydo@vendor.com
99-570-8162,Browsedrive,12,3.5,browsedrive@vendor.com
42-638-2086,Shufflester,8,4.6,shufflester@vendor.com
38-037-1699,Jaxnation,7,3.8,jaxnation@vendor.com
19-893-7698,Pixoboo,8,4.3,pixoboo@vendor.com
87-839-6400,Jabbertype,3,3.2,jabbertype@vendor.com
08-312-0872,Buzzshare,7,4.2,buzzshare@vendor.com
27-060-9944,Topicshots,11,3.9,topicshots@vendor.com
12-947-4739,Mybuzz,14,4.2,mybuzz@vendor.com
09-090-6360,Centizu,12,3.3,centizu@vendor.com
41-772-6271,Browsezoom,4,4.5,browsezoom@vendor.com
21-792-1000,Oyoyo,3,4.7,oyoyo@vendor.com
69-861-0313,Voomm,12,3.4,voomm@vendor.com
32-196-4714,Flipopia,13,3.2,flipopia@vendor.com
28-162-7486,Snaptags,11,3.0,snaptags@vendor.com
35-927-4986,Photospace,12,4.3,photospace@vendor.com
20-608-1290,Photospace,11,4.2,photospace@vendor.com
73-830-9633,Blognation,11,4.1,blognation@vendor.com
02-165-5779,Npath,8,3.5,npath@vendor.com
63-057-0462,Jazzy,10,3.8,jazzy@vendor.com
18-733-2453,Dynava,13,4.2,dynava@vendor.com
17-084-8551,Ozu,3,4.0,ozu@vendor.com
93-712-3934,Flipbug,12,5.0,flipbug@vendor.com
63-231-2829,Miboo,6,3.3,miboo@vendor.com
88-663-3393,Photojam,3,4.4,photojam@vendor.com
92-296-1266,Thoughtsphere,10,3.8,thoughtsphere@vendor.com
74-729-7466,Skipfire,3,3.9,skipfire@vendor.com
07-471-0050,Fiveclub,5,4.4,fiveclub@vendor.com
29-821-5359,Babbleopia,6,4.4,babbleopia@vendor.com
59-595-7531,Roomm,10,5.0,roomm@vendor.com
34-389-9922,Linklinks,8,3.3,linklinks@vendor.com
64-674-3902,Thoughtblab,12,3.2,thoughtblab@vendor.com
05-181-2682,Skidoo,14,4.4,skidoo@vendor.com
26-593-3478,Eire,9,4.2,eire@vendor.com
21-697-8128,Skalith,10,3.5,skalith@vendor.com
89-226-5813,Eimbee,4,3.2,eimbee@vendor.com
09-153-0763,Skibox,12,3.2,skibox@vendor.com
53-243-7800,Yakitri,13,4.8,yakitri@vendor.com
37-921-2953,Thoughtworks,10,3.4,thoughtworks@vendor.com
62-687-0951,Oyondu,5,3.6,oyondu@vendor.com
86-841-4440,Yamia,9,3.5,yamia@vendor.com
27-970-8649,Mynte,5,3.7,mynte@vendor.com
20-532-0144,Buzzbean,9,3.1,buzzbean@vendor.com
34-158-6684,Eidel,13,4.0,eidel@vendor.com
94-145-9423,Janyx,14,3.1,janyx@vendor.com
48-878-3021,Yamia,4,4.6,yamia@vendor.com
13-457-9946,Dabshots,12,3.5,dabshots@vendor.com
79-656-1990,Yodo,8,4.1,yodo@vendor.com
56-196-9896,Tagopia,5,4.8,tagopia@vendor.com
43-035-3382,Kanoodle,5,4.3,kanoodle@vendor.com
41-821-0197,Innojam,11,4.1,innojam@vendor.com
67-662-3444,Mydeo,9,3.6,mydeo@vendor.com
09-489-6314,Jabbercube,7,3.7,jabbercube@vendor.com
35-000-6015,Aibox,14,4.3,aibox@vendor.com
50-314-5433,Brainbox,12,5.0,brainbox@vendor.com
55-156-6528,Topicblab,9,4.3,topicblab@vendor.com
26-080-4944,Pixonyx,11,4.1,pixonyx@vendor.com
97-143-0641,Yozio,3,4.5,yozio@vendor.com
37-567-5710,Fanoodle,9,3.9,fanoodle@vendor.com
99-680-2351,Innojam,8,3.1,innojam@vendor.com
74-357-2990,Twitternation,12,4.1,twitternation@vendor.com
73-717-0190,Vinder,14,4.9,vinder@vendor.com
42-976-2737,Edgeclub,11,3.4,edgeclub@vendor.com
96-918-7047,Topicshots,3,4.4,topicshots@vendor.com
32-458-6452,Zava,6,3.4,zava@vendor.com
91-417-6283,Shuffletag,11,4.1,shuffletag@vendor.com
75-793-8978,Plajo,6,3.2,plajo@vendor.com
23-319-2681,Feedmix,12,3.9,feedmix@vendor.com
22-946-8052,Meevee,5,4.5,meevee@vendor.com
37-996-3243,Trilith,11,3.7,trilith@vendor.com
94-006-6480,Dynava,4,4.3,dynava@vendor.com
58-053-4926,Kazu,6,4.6,kazu@vendor.com
49-092-2735,Geba,8,4.9,geba@vendor.com
95-778-2888,Quinu,4,3.5,quinu@vendor.com
43-605-2448,Kamba,10,3.8,kamba@vendor.com
81-233-6894,Babblestorm,10,3.3,babblestorm@vendor.com
19-875-5642,Devpulse,3,5.0,devpulse@vendor.com
02-575-7332,Realblab,14,4.9,realblab@vendor.com
61-222-8413,Viva,5,4.1,viva@vendor.com
37-994-7932,Skimia,12,4.7,skimia@vendor.com
42-523-1857,Twitterwire,11,4.0,twitterwire@vendor.com
68-885-5553,Zoovu,7,4.2,zoovu@vendor.com
43-977-2343,Avaveo,8,3.2,avaveo@vendor.com
85-211-5357,Izio,6,4.5,izio@vendor.com
39-714-7313,Yakidoo,12,3.3,yakidoo@vendor.com
54-132-9762,Flipopia,4,4.7,flipopia@vendor.com
27-406-7972,Topdrive,13,4.6,topdrive@vendor.com
51-014-4287,Gigazoom,10,4.4,gigazoom@vendor.com
37-902-0286,Lazz,13,3.1,lazz@vendor.com
